ID Transaksi,Tanggal,Platform,Nama Pelanggan,No WhatsApp,Nama Produk,Rasa,Ukuran,Jumlah (pcs),Harga Satuan (Rp),Total (Rp),Poin Loyalty,Catatan
TR-JUN2026-0001,2026-06-01,QRIS,Annisa,,Soya Honey Lemon,Honey Lemon,Reguler,1,20000,20000,1,
TR-JUN2026-0002,2026-06-01,GrabFood,Nourma,,Soya Original,Original,Reguler,1,17000,17000,1,
TR-JUN2026-0003,2026-06-01,Tunai,Tata,,Soya Tahwa Kembang Tahu,Tahwa Kembang Tahu,Cup,1,15000,15000,1,
TR-JUN2026-0004,2026-06-01,Tunai,Tata,,Soya Soy Milk Pudding,Soy Milk Pudding,Cup,1,15000,15000,1,
TR-JUN2026-0005,2026-06-01,Tunai,Herly,,Soya Tahwa Kembang Tahu,Tahwa Kembang Tahu,Cup,1,15000,15000,1,
TR-JUN2026-0006,2026-06-01,Tunai,Herly,,Soya Original,Original,250 ml,1,22000,22000,1,
TR-JUN2026-0007,2026-06-01,Tunai,Tia,,Soya Taro Thanos,Taro Thanos,Reguler,1,25000,25000,1,
TR-JUN2026-0008,2026-06-01,Tunai,Rachel,,Soya Soy Milk Pudding,Soy Milk Pudding,Cup,3,15000,45000,3,
TR-JUN2026-0009,2026-06-01,Tunai,Rachel,,Soya Choco Maniac,Choco Maniac,Reguler,1,25000,25000,1,
TR-JUN2026-0010,2026-06-01,GrabFood,Dian,,Soya Choco Maniac,Choco Maniac,Large,1,30000,30000,1,
TR-JUN2026-0011,2026-06-01,QRIS,El,,Soya Cappuccino,Cappuccino,Reguler,1,25000,25000,1,
TR-JUN2026-0012,2026-06-01,GrabFood,Laeli,,Soya Original,Original,1000 ml,1,74000,74000,1,
TR-JUN2026-0013,2026-06-01,GrabFood,Laeli,,Soya Royal Belgian,Royal Belgian,1000 ml,1,89000,89000,1,
TR-JUN2026-0014,2026-06-01,GrabFood,Rara,,Soya Original,Original,Large,1,21000,21000,1,
TR-JUN2026-0015,2026-06-01,GrabFood,Rara,,Soya Soy Milk Pudding,Soy Milk Pudding,Cup,1,15000,15000,1,
TR-JUN2026-0016,2026-06-01,Tunai,Kezya,,Soya Dark Choco,Dark Choco,Reguler,1,29000,29000,1,
TR-JUN2026-0017,2026-06-01,QRIS,Cahyo,,Soya Original,Original,Hot,1,17000,17000,1,
TR-JUN2026-0018,2026-06-01,QRIS,Cahyo,,Soya Original,Original,Large,1,21000,21000,1,
TR-JUN2026-0019,2026-06-02,GrabFood,Matthew,,Soya Mango Smell Good,Mango Smell Good,250 ml,1,27000,27000,1,
TR-JUN2026-0020,2026-06-02,GrabFood,Matthew,,Soya Royal Belgian,Royal Belgian,250 ml,1,27000,27000,1,
TR-JUN2026-0021,2026-06-02,GrabFood,Matthew,,Soya Thai Tea,Thai Tea,250 ml,1,26000,26000,1,
TR-JUN2026-0022,2026-06-02,GrabFood,Matthew,,Soya Soy Milk Pudding,Soy Milk Pudding,Cup,1,15000,15000,1,
TR-JUN2026-0023,2026-06-02,QRIS,Annisaa,,Soya Royal Belgian,Royal Belgian,Reguler,1,25000,25000,1,
TR-JUN2026-0024,2026-06-02,QRIS,Annisaa,,Soya Royal Belgian,Royal Belgian,250 ml,1,27000,27000,1,
TR-JUN2026-0025,2026-06-02,QRIS,Annisaa,,Soya Soy Milk Pudding,Soy Milk Pudding,Cup,1,15000,15000,1,
TR-JUN2026-0026,2026-06-02,QRIS,Imei,,Soya Original,Original,Reguler,2,17000,34000,2,
TR-JUN2026-0027,2026-06-02,Tunai,Sifaa,,Soya Tahwa Kembang Tahu,Tahwa Kembang Tahu,Cup,1,15000,15000,1,
TR-JUN2026-0028,2026-06-02,QRIS,Sofi,,Soya Green Tea,Green Tea,Reguler,1,25000,25000,1,
TR-JUN2026-0029,2026-06-02,QRIS,Sofi,,Soya Soy Milk Pudding,Soy Milk Pudding,Cup,1,15000,15000,1,
TR-JUN2026-0030,2026-06-02,Transfer,Aden,,Soya Vegan Cookies Peanut,Vegan Cookies Peanut,Pack,1,40000,40000,0,
TR-JUN2026-0031,2026-06-02,QRIS,Noval,,Soya Choco Oat,Choco Oat,Reguler,1,27000,27000,1,
TR-JUN2026-0032,2026-06-02,Tunai,Wulan,,Soya Tahwa Kembang Tahu,Tahwa Kembang Tahu,Cup,2,15000,30000,2,
TR-JUN2026-0033,2026-06-03,QRIS,Nisa,,Soya Original,Original,500 ml,6,39000,234000,6,
TR-JUN2026-0034,2026-06-03,ShopeeFood,Anindya,,Soya Original,Original,Large,1,21000,21000,1,
TR-JUN2026-0035,2026-06-03,ShopeeFood,Anindya,,Soya Soy Milk Pudding,Soy Milk Pudding,Cup,1,15000,15000,1,
TR-JUN2026-0036,2026-06-03,QRIS,Puspi,,Soya Choco Maniac,Choco Maniac,Reguler,1,25000,25000,1,
TR-JUN2026-0037,2026-06-03,QRIS,Zahra,,Soya Original,Original,Reguler,1,17000,17000,1,
TR-JUN2026-0038,2026-06-03,QRIS,Zahra,,Soya Mango Smell Good,Mango Smell Good,Reguler,1,25000,25000,1,
TR-JUN2026-0039,2026-06-03,QRIS,Zahra,,Soya Soy Milk Pudding,Soy Milk Pudding,Cup,1,15000,15000,1,
TR-JUN2026-0040,2026-06-03,QRIS,Yeti,,Soya Mango Smell Good,Mango Smell Good,Reguler,1,25000,25000,1,
TR-JUN2026-0041,2026-06-03,QRIS,Yeti,,Soya Tahwa Kembang Tahu,Tahwa Kembang Tahu,Cup,1,15000,15000,1,
TR-JUN2026-0042,2026-06-03,QRIS,Jesyln,,Soya Mango Smell Good,Mango Smell Good,Reguler,1,25000,25000,1,
TR-JUN2026-0043,2026-06-03,QRIS,Ridho,,Soya Tahwa Kembang Tahu,Tahwa Kembang Tahu,Cup,1,15000,15000,1,
TR-JUN2026-0044,2026-06-03,QRIS,Ridho,,Soya Mango Smell Good,Mango Smell Good,Reguler,1,25000,25000,1,
TR-JUN2026-0045,2026-06-03,QRIS,Ridho,,Soya Royal Belgian,Royal Belgian,Reguler,1,25000,25000,1,
TR-JUN2026-0046,2026-06-03,GrabFood,Alvib,,Soya Thai Tea,Thai Tea,1000 ml,1,87000,87000,1,
TR-JUN2026-0047,2026-06-03,GrabFood,Alvib,,Soya Mango Smell Good,Mango Smell Good,1000 ml,1,89000,89000,1,
TR-JUN2026-0048,2026-06-03,GrabFood,Alvib,,Soya Royal Belgian,Royal Belgian,Large,1,30000,30000,1,
TR-JUN2026-0049,2026-06-03,QRIS,Laras,,Soya Original,Original,Large,1,21000,21000,1,
TR-JUN2026-0050,2026-06-03,GrabFood,Tiwa,,Soya Original,Original,1000 ml,1,74000,74000,1,
TR-JUN2026-0051,2026-06-04,QRIS,Laura,,Soya Original,Original,Reguler,1,17000,17000,1,
TR-JUN2026-0052,2026-06-04,QRIS,Yeti,,Soya Soy Milk Pudding,Soy Milk Pudding,Cup,1,15000,15000,1,
TR-JUN2026-0053,2026-06-04,QRIS,Yeti,,Soya Tahwa Kembang Tahu,Tahwa Kembang Tahu,Cup,1,15000,15000,1,
TR-JUN2026-0054,2026-06-04,QRIS,Yeti,,Soya Original,Original,Large,1,21000,21000,1,
TR-JUN2026-0055,2026-06-04,Tunai,Wann,,Soya Choco Maniac,Choco Maniac,Large,1,30000,30000,1,
TR-JUN2026-0056,2026-06-04,Transfer,Aden,,Soya Soy Milk Pudding,Soy Milk Pudding,Cup,1,15000,15000,1,
TR-JUN2026-0057,2026-06-04,Transfer,Aden,,Soya Tahwa Kembang Tahu,Tahwa Kembang Tahu,Cup,1,15000,15000,1,
TR-JUN2026-0058,2026-06-04,Tunai,Riko,,Soya Original,Original,Reguler,2,17000,34000,2,
TR-JUN2026-0059,2026-06-04,Tunai,Riko,,Soya Soy Milk Pudding,Soy Milk Pudding,Cup,1,15000,15000,1,
TR-JUN2026-0060,2026-06-04,GrabFood,Rara,,Soya Royal Belgian,Royal Belgian,Large,1,30000,30000,1,
TR-JUN2026-0061,2026-06-04,ShopeeFood,Kika,,Soya Original,Original,250 ml,1,22000,22000,1,
TR-JUN2026-0062,2026-06-05,ShopeeFood,Azmi,,Soya Original,Original,Large,1,21000,21000,1,
TR-JUN2026-0063,2026-06-05,QRIS,Tyas,,Soya Choco Oat,Choco Oat,250 ml,1,30000,30000,1,
TR-JUN2026-0064,2026-06-05,Tunai,Rachel,,Soya Soy Milk Pudding,Soy Milk Pudding,Cup,2,15000,30000,2,
TR-JUN2026-0065,2026-06-05,QRIS,Putri,,Soya Royal Belgian,Royal Belgian,Reguler,1,25000,25000,1,
TR-JUN2026-0066,2026-06-05,ShopeeFood,Mifta,,Soya Green Tea,Green Tea,Large,1,30000,30000,1,
TR-JUN2026-0067,2026-06-05,QRIS,Rani,,Soya Original,Original,Hot,2,17000,34000,2,
TR-JUN2026-0068,2026-06-05,Tunai,Satya,,Soya Tahwa Kembang Tahu,Tahwa Kembang Tahu,Cup,1,15000,15000,1,
TR-JUN2026-0069,2026-06-05,Tunai,Satya,,Soya Green Tea,Green Tea,Reguler,1,25000,25000,1,
TR-JUN2026-0070,2026-06-05,Tunai,Agung,,Soya Coffee Kopi,Coffee Kopi,Hot,1,21000,21000,1,
TR-JUN2026-0071,2026-06-05,Tunai,Wulan,,Soya Tahwa Kembang Tahu,Tahwa Kembang Tahu,Cup,2,15000,30000,2,
TR-JUN2026-0072,2026-06-05,QRIS,Zaza,,Soya Tahwa Kembang Tahu,Tahwa Kembang Tahu,Cup,3,15000,45000,3,
TR-JUN2026-0073,2026-06-05,Tunai,Ardhon,,Soya Royal Belgian,Royal Belgian,1000 ml,1,89000,89000,1,
TR-JUN2026-0074,2026-06-05,Tunai,Ardhon,,Soya Tahwa Kembang Tahu,Tahwa Kembang Tahu,Cup,1,15000,15000,1,
TR-JUN2026-0075,2026-06-05,GrabFood,Jimmy,,Soya Mango Smell Good,Mango Smell Good,1000 ml,1,89000,89000,1,
TR-JUN2026-0076,2026-06-05,GrabFood,Jimmy,,Soya Tahwa Kembang Tahu,Tahwa Kembang Tahu,Cup,2,15000,30000,2,
TR-JUN2026-0077,2026-06-05,ShopeeFood,Pandhu,,Soya Honey Lemon,Honey Lemon,Reguler,1,20000,20000,1,
TR-JUN2026-0078,2026-06-05,ShopeeFood,Pandhu,,Soya Mango Monggo,Mango Monggo,Reguler,1,20000,20000,1,
TR-JUN2026-0079,2026-06-06,QRIS,Adel,,Soya Royal Belgian,Royal Belgian,Reguler,1,25000,25000,1,
TR-JUN2026-0080,2026-06-06,QRIS,Sekar,,Soya Choco Maniac,Choco Maniac,250 ml,1,27000,27000,1,
TR-JUN2026-0081,2026-06-06,QRIS,Sekar,,Soya Original,Original,Reguler,1,17000,17000,1,
TR-JUN2026-0082,2026-06-06,ShopeeFood,Mifta,,Soya Original,Original,Large,1,21000,21000,1,
TR-JUN2026-0083,2026-06-06,QRIS,Eksal,,Soya Original,Original,Large,1,21000,21000,1,
TR-JUN2026-0084,2026-06-06,Transfer,Erlita,,Soya Soy Milk Pudding,Soy Milk Pudding,Cup,1,15000,15000,1,
TR-JUN2026-0085,2026-06-06,Transfer,Erlita,,Soya Honey Lemon,Honey Lemon,250 ml,1,23000,23000,1,
TR-JUN2026-0086,2026-06-06,Transfer,Erlita,,Soya Mango Smell Good,Mango Smell Good,250 ml,1,27000,27000,1,
TR-JUN2026-0087,2026-06-06,Transfer,Erlita,,Soya Choco Oat,Choco Oat,250 ml,1,30000,30000,1,
TR-JUN2026-0088,2026-06-06,QRIS,Rintan,,Soya Tahwa Kembang Tahu,Tahwa Kembang Tahu,Cup,4,15000,60000,4,
TR-JUN2026-0089,2026-06-06,QRIS,Rintan,,Soya Soy Milk Pudding,Soy Milk Pudding,Cup,4,15000,60000,4,
TR-JUN2026-0090,2026-06-06,QRIS,Rintan,,Soya Coffee Kopi,Coffee Kopi,Reguler,1,21000,21000,1,
TR-JUN2026-0091,2026-06-06,ShopeeFood,Pusat Gadai,,Soya Original,Original,Reguler,1,17000,17000,1,
TR-JUN2026-0092,2026-06-06,Tunai,Wulan,,Soya Tahwa Kembang Tahu,Tahwa Kembang Tahu,Cup,2,15000,30000,2,
TR-JUN2026-0093,2026-06-06,QRIS,Iwan,,Soya Original,Original,Reguler,4,17000,68000,4,
TR-JUN2026-0094,2026-06-06,QRIS,Iwan,,Soya Soy Milk Pudding,Soy Milk Pudding,Cup,2,15000,30000,2,
TR-JUN2026-0095,2026-06-06,Tunai,Rini,,Soya Choco Oat,Choco Oat,500 ml,1,55000,55000,1,
TR-JUN2026-0096,2026-06-06,Tunai,Rini,,Soya Tahwa Kembang Tahu,Tahwa Kembang Tahu,Cup,1,15000,15000,1,
TR-JUN2026-0097,2026-06-06,GrabFood,Jimmy,,Soya Mango Smell Good,Mango Smell Good,1000 ml,1,89000,89000,1,
TR-JUN2026-0098,2026-06-06,GrabFood,Jimmy,,Soya Tahwa Kembang Tahu,Tahwa Kembang Tahu,Cup,2,15000,30000,2,
TR-JUN2026-0099,2026-06-08,QRIS,Zaroh,,Soya Tahwa Kembang Tahu,Tahwa Kembang Tahu,Cup,1,15000,15000,1,
TR-JUN2026-0100,2026-06-08,QRIS,Zaroh,,Soya Original,Original,Hot,1,17000,17000,1,
TR-JUN2026-0101,2026-06-08,ShopeeFood,Tisa,,Soya Original,Original,250 ml,1,22000,22000,1,
TR-JUN2026-0102,2026-06-08,GrabFood,Rony,,Soya Tahwa Kembang Tahu,Tahwa Kembang Tahu,Cup,1,15000,15000,1,
TR-JUN2026-0103,2026-06-08,QRIS,Ersya,,Soya Soy Milk Pudding,Soy Milk Pudding,Cup,1,15000,15000,1,
TR-JUN2026-0104,2026-06-08,QRIS,Ersya,,Soya Honey Lemon,Honey Lemon,Reguler,1,20000,20000,1,
TR-JUN2026-0105,2026-06-08,QRIS,Ersya,,Soya Mango Smell Good,Mango Smell Good,Reguler,1,25000,25000,1,
TR-JUN2026-0106,2026-06-08,GrabFood,Rara,,Soya Original,Original,Large,1,21000,21000,1,
TR-JUN2026-0107,2026-06-08,GrabFood,Sari,,Soya Original,Original,Large,1,21000,21000,1,
TR-JUN2026-0108,2026-06-08,GrabFood,Sari,,Soya Original,Original,Reguler,2,17000,34000,2,
TR-JUN2026-0109,2026-06-08,QRIS,Dedep,,Soya Mango Smell Good,Mango Smell Good,Reguler,1,25000,25000,1,
TR-JUN2026-0110,2026-06-08,QRIS,Dedep,,Soya Royal Belgian,Royal Belgian,Reguler,1,25000,25000,1,
TR-JUN2026-0111,2026-06-08,QRIS,Noval,,Soya Choco Oat,Choco Oat,Reguler,1,27000,27000,1,
TR-JUN2026-0112,2026-06-09,ShopeeFood,Annida,,Soya Original,Original,1000 ml,1,74000,74000,1,
TR-JUN2026-0113,2026-06-09,Tunai,Aldi,,Soya Tahwa Kembang Tahu,Tahwa Kembang Tahu,Cup,2,15000,30000,2,
TR-JUN2026-0114,2026-06-09,GrabFood,Saleh,,Soya Tahwa Kembang Tahu,Tahwa Kembang Tahu,Cup,1,15000,15000,1,
TR-JUN2026-0115,2026-06-09,GrabFood,Saleh,,Soya Royal Belgian,Royal Belgian,Large,1,30000,30000,1,
TR-JUN2026-0116,2026-06-09,GrabFood,Saleh,,Soya Soy Milk Pudding,Soy Milk Pudding,Cup,2,15000,30000,2,
TR-JUN2026-0117,2026-06-09,ShopeeFood,Mifta,,Soya Green Tea,Green Tea,Reguler,1,25000,25000,1,
TR-JUN2026-0118,2026-06-09,ShopeeFood,Mifta,,Soya Original,Original,Large,1,21000,21000,1,
TR-JUN2026-0119,2026-06-09,Tunai,Rachel,,Soya Choco Maniac,Choco Maniac,250 ml,1,27000,27000,1,
TR-JUN2026-0120,2026-06-09,Tunai,Rachel,,Soya Soy Milk Pudding,Soy Milk Pudding,Cup,2,15000,30000,2,
TR-JUN2026-0121,2026-06-09,QRIS,Tiwa,,Soya Coffee Kopi,Coffee Kopi,Large,1,26000,26000,1,
TR-JUN2026-0122,2026-06-09,ShopeeFood,Azmi,,Soya Mango Smell Good,Mango Smell Good,Reguler,1,25000,25000,1,
TR-JUN2026-0123,2026-06-09,Tunai,Feni,,Soya Original,Original,Reguler,1,17000,17000,1,
TR-JUN2026-0124,2026-06-09,Tunai,Feni,,Soya Soy Milk Pudding,Soy Milk Pudding,Cup,1,15000,15000,1,
TR-JUN2026-0125,2026-06-10,Tunai,Elin,,Soya Royal Belgian,Royal Belgian,Reguler,1,25000,25000,1,
TR-JUN2026-0126,2026-06-10,Tunai,Elin,,Soya Coffee Kopi,Coffee Kopi,Reguler,1,21000,21000,1,
TR-JUN2026-0127,2026-06-10,ShopeeFood,Suci,,Soya Coffee Kopi,Coffee Kopi,Reguler,1,21000,21000,1,
TR-JUN2026-0128,2026-06-10,GrabFood,Siska,,Soya Choco Oat,Choco Oat,Reguler,1,27000,27000,1,
TR-JUN2026-0129,2026-06-10,GrabFood,Siska,,Soya Royal Belgian,Royal Belgian,Reguler,1,25000,25000,1,
TR-JUN2026-0130,2026-06-10,QRIS,Iin,,Soya Royal Belgian,Royal Belgian,Reguler,1,25000,25000,1,
TR-JUN2026-0131,2026-06-10,GrabFood,Rara,,Soya Royal Belgian,Royal Belgian,Large,1,30000,30000,1,
TR-JUN2026-0132,2026-06-10,QRIS,Lani,,Soya Original,Original,Reguler,2,17000,34000,2,
TR-JUN2026-0133,2026-06-10,QRIS,Lani,,Soya Tahwa Kembang Tahu,Tahwa Kembang Tahu,Cup,1,15000,15000,1,
TR-JUN2026-0134,2026-06-11,QRIS,Agus,,Soya Tahwa Kembang Tahu,Tahwa Kembang Tahu,Cup,1,15000,15000,1,
TR-JUN2026-0135,2026-06-11,Tunai,Fitri,,Soya Original,Original,250 ml,1,22000,22000,1,
TR-JUN2026-0136,2026-06-11,Tunai,Fitri,,Soya Choco Maniac,Choco Maniac,250 ml,1,27000,27000,1,
TR-JUN2026-0137,2026-06-11,QRIS,Fina,,Soya Tahwa Kembang Tahu,Tahwa Kembang Tahu,Cup,1,15000,15000,1,
TR-JUN2026-0138,2026-06-11,Tunai,Seni,,Soya Original,Original,Reguler,1,17000,17000,1,
TR-JUN2026-0139,2026-06-11,Tunai,Seni,,Soya Thai Tea,Thai Tea,Reguler,1,22000,22000,1,
TR-JUN2026-0140,2026-06-11,QRIS,Alfian,,Soya Original,Original,Reguler,1,17000,17000,1,
TR-JUN2026-0141,2026-06-11,QRIS,Tata,,Soya Redvelvet,Redvelvet,Reguler,1,25000,25000,1,
TR-JUN2026-0142,2026-06-11,Transfer,Aden,,Soya Tahwa Kembang Tahu,Tahwa Kembang Tahu,Cup,1,15000,15000,1,
TR-JUN2026-0143,2026-06-11,Transfer,Aden,,Soya Thai Tea,Thai Tea,Large,1,27000,27000,1,
TR-JUN2026-0144,2026-06-11,Tunai,Iren,,Soya Honey Lemon,Honey Lemon,Reguler,1,20000,20000,1,
TR-JUN2026-0145,2026-06-11,Tunai,Neni,,Soya Original,Original,1000 ml,1,74000,74000,1,
TR-JUN2026-0146,2026-06-11,Tunai,Neni,,Soya Tahwa Kembang Tahu,Tahwa Kembang Tahu,Cup,2,15000,30000,2,
TR-JUN2026-0147,2026-06-11,QRIS,Lia,,Soya Original,Original,Reguler,1,17000,17000,1,
TR-JUN2026-0148,2026-06-11,QRIS,Lia,,Soya Tahwa Kembang Tahu,Tahwa Kembang Tahu,Cup,1,15000,15000,1,
TR-JUN2026-0149,2026-06-11,QRIS,Lia,,Soya Soy Milk Pudding,Soy Milk Pudding,Cup,1,15000,15000,1,
TR-JUN2026-0150,2026-06-11,QRIS,Dea,,Soya Original,Original,Reguler,1,17000,17000,1,
TR-JUN2026-0151,2026-06-11,QRIS,Dea,,Soya Coffee Kopi,Coffee Kopi,Reguler,1,21000,21000,1,
TR-JUN2026-0152,2026-06-11,QRIS,Dea,,Soya Soy Milk Pudding,Soy Milk Pudding,Cup,2,15000,30000,2,
TR-JUN2026-0153,2026-06-11,QRIS,Dea,,Soya Choco Maniac,Choco Maniac,Reguler,1,25000,25000,1,
TR-JUN2026-0154,2026-06-11,ShopeeFood,Citra,,Soya Tahwa Kembang Tahu,Tahwa Kembang Tahu,Cup,1,15000,15000,1,
TR-JUN2026-0155,2026-06-11,Tunai,Putri,,Soya Mango Smell Good,Mango Smell Good,Reguler,1,25000,25000,1,
TR-JUN2026-0156,2026-06-11,Tunai,Putri,,Soya Tahwa Kembang Tahu,Tahwa Kembang Tahu,Cup,1,15000,15000,1,
TR-JUN2026-0157,2026-06-11,Tunai,Putri,,Soya Choco Maniac,Choco Maniac,Reguler,1,25000,25000,1,
TR-JUN2026-0158,2026-06-11,GoFood,Tiffa,,Soya Tahwa Kembang Tahu,Tahwa Kembang Tahu,Cup,1,15000,15000,1,
TR-JUN2026-0159,2026-06-11,GoFood,Tiffa,,Soya Original,Original,Reguler,1,17000,17000,1,
TR-JUN2026-0160,2026-06-11,GoFood,Tiffa,,Soya Soy Milk Pudding,Soy Milk Pudding,Cup,1,15000,15000,1,
TR-JUN2026-0161,2026-06-12,QRIS,Rumbay,,Soya Mango Smell Good,Mango Smell Good,Reguler,2,25000,50000,2,
TR-JUN2026-0162,2026-06-12,QRIS,Lina,,Soya Original,Original,500 ml,2,39000,78000,2,
TR-JUN2026-0163,2026-06-12,QRIS,Lina,,Soya Original,Original,1000 ml,1,74000,74000,1,
TR-JUN2026-0164,2026-06-12,Tunai,Riri,,Soya Dark Choco,Dark Choco,Reguler,1,29000,29000,1,
TR-JUN2026-0165,2026-06-12,Tunai,Riri,,Soya Original,Original,Reguler,1,17000,17000,1,
TR-JUN2026-0166,2026-06-12,Tunai,Riri,,Soya Soy Milk Pudding,Soy Milk Pudding,Cup,1,15000,15000,1,
TR-JUN2026-0167,2026-06-12,QRIS,Jesyln,,Soya Mango Smell Good,Mango Smell Good,Reguler,2,25000,50000,2,
TR-JUN2026-0168,2026-06-12,GrabFood,Fajar,,Soya Mango Smell Good,Mango Smell Good,1000 ml,1,89000,89000,1,
TR-JUN2026-0169,2026-06-12,GrabFood,Naomi,,Soya Royal Belgian,Royal Belgian,Large,1,30000,30000,1,
TR-JUN2026-0170,2026-06-12,QRIS,Andi,,Soya Mango Smell Good,Mango Smell Good,Large,1,30000,30000,1,
TR-JUN2026-0171,2026-06-12,Tunai,Raihan,,Soya Tahwa Kembang Tahu,Tahwa Kembang Tahu,Cup,1,15000,15000,1,
TR-JUN2026-0172,2026-06-12,Tunai,Raihan,,Soya Mango Smell Good,Mango Smell Good,Reguler,1,25000,25000,1,
TR-JUN2026-0173,2026-06-12,QRIS,Satya,,Soya Mango Smell Good,Mango Smell Good,Reguler,1,25000,25000,1,
TR-JUN2026-0174,2026-06-12,QRIS,Satya,,Soya Soy Milk Pudding,Soy Milk Pudding,Cup,1,15000,15000,1,
TR-JUN2026-0175,2026-06-12,QRIS,Namira,,Soya Original,Original,Large,1,21000,21000,1,
TR-JUN2026-0176,2026-06-12,QRIS,Namira,,Soya Honey Lemon,Honey Lemon,Large,1,25000,25000,1,
TR-JUN2026-0177,2026-06-12,GrabFood,Putri,,Soya Tahwa Kembang Tahu,Tahwa Kembang Tahu,Cup,1,15000,15000,1,
TR-JUN2026-0178,2026-06-12,Tunai,Bintang,,Soya Coffee Kopi,Coffee Kopi,Large,1,26000,26000,1,
TR-JUN2026-0179,2026-06-13,Tunai,Wann,,Soya Taro Thanos,Taro Thanos,Reguler,1,25000,25000,1,
TR-JUN2026-0180,2026-06-13,QRIS,Alya,,Soya Choco Maniac,Choco Maniac,Reguler,1,25000,25000,1,
TR-JUN2026-0181,2026-06-13,QRIS,Alya,,Soya Honey Lemon,Honey Lemon,Reguler,1,20000,20000,1,
TR-JUN2026-0182,2026-06-13,QRIS,Nabila,,Soya Tiramisu,Tiramisu,Reguler,1,25000,25000,1,
TR-JUN2026-0183,2026-06-13,GrabFood,Agustinus,,Soya Coffee Kopi,Coffee Kopi,Reguler,1,21000,21000,1,
TR-JUN2026-0184,2026-06-13,ShopeeFood,Momragnala,,Soya Original,Original,1000 ml,1,74000,74000,1,
TR-JUN2026-0185,2026-06-13,ShopeeFood,Momragnala,,Soya Tahwa Kembang Tahu,Tahwa Kembang Tahu,Cup,2,15000,30000,2,
TR-JUN2026-0186,2026-06-13,Transfer,Henny,,Soya Taro Thanos,Taro Thanos,Large,2,30000,60000,2,
TR-JUN2026-0187,2026-06-13,Transfer,Henny,,Soya Choco Coffee,Choco Coffee,Large,2,32000,64000,2,
TR-JUN2026-0188,2026-06-13,Transfer,Henny,,Soya Coffee Kopi,Coffee Kopi,Large,2,26000,52000,2,
TR-JUN2026-0189,2026-06-13,Transfer,Henny,,Soya Green Tea,Green Tea,Large,2,30000,60000,2,
TR-JUN2026-0190,2026-06-13,QRIS,Velin,,Soya Mango Monggo,Mango Monggo,250 ml,1,23000,23000,1,
TR-JUN2026-0191,2026-06-13,ShopeeFood,Fathiya,,Soya Original,Original,Large,3,21000,63000,3,
TR-JUN2026-0192,2026-06-13,ShopeeFood,Fathiya,,Soya Tahwa Kembang Tahu,Tahwa Kembang Tahu,Cup,1,15000,15000,1,
TR-JUN2026-0193,2026-06-13,Tunai,Indra,,Soya Coffee Kopi,Coffee Kopi,Hot,1,21000,21000,1,
TR-JUN2026-0194,2026-06-13,ShopeeFood,Anggit,,Soya Tahwa Kembang Tahu,Tahwa Kembang Tahu,Cup,1,15000,15000,1,
TR-JUN2026-0195,2026-06-13,ShopeeFood,Anggit,,Soya Original,Original,Reguler,1,17000,17000,1,
TR-JUN2026-0196,2026-06-13,QRIS,Noval,,Soya Choco Oat,Choco Oat,Reguler,1,27000,27000,1,
TR-JUN2026-0197,2026-06-13,QRIS,Noval,,Soya Soy Milk Pudding,Soy Milk Pudding,Cup,1,15000,15000,1,
TR-JUN2026-0198,2026-06-13,GrabFood,Abdullah,,Soya Royal Belgian,Royal Belgian,1000 ml,1,89000,89000,1,
TR-JUN2026-0199,2026-06-13,GrabFood,Abdullah,,Soya Soy Milk Pudding,Soy Milk Pudding,Cup,2,15000,30000,2,
TR-JUN2026-0200,2026-06-13,ShopeeFood,Nicola,,Soya Choco Coffee,Choco Coffee,Large,1,32000,32000,1,
TR-JUN2026-0201,2026-06-13,ShopeeFood,Nicola,,Soya Dark Choco,Dark Choco,Large,1,34000,34000,1,
TR-JUN2026-0202,2026-06-13,QRIS,Tyas,,Soya Choco Oat,Choco Oat,Reguler,1,27000,27000,1,
TR-JUN2026-0203,2026-06-15,QRIS,Tyas,,Soya Cappuccino,Cappuccino,Reguler,1,25000,25000,1,
TR-JUN2026-0204,2026-06-15,QRIS,Nisa,,Soya Original,Original,500 ml,6,39000,234000,6,
TR-JUN2026-0205,2026-06-15,ShopeeFood,Anin,,Soya Original,Original,Large,1,21000,21000,1,
TR-JUN2026-0206,2026-06-15,Tunai,Alfian,,Soya Original,Original,Large,1,21000,21000,1,
TR-JUN2026-0207,2026-06-15,Tunai,Alfian,,Soya Original,Original,Reguler,1,17000,17000,1,
TR-JUN2026-0208,2026-06-15,QRIS,Karina,,Soya Choco Maniac,Choco Maniac,Reguler,1,25000,25000,1,
TR-JUN2026-0209,2026-06-15,QRIS,Erlan,,Soya Original,Original,Hot,1,17000,17000,1,
TR-JUN2026-0210,2026-06-15,Tunai,Legita,,Soya Thai Tea,Thai Tea,Reguler,1,22000,22000,1,
TR-JUN2026-0211,2026-06-15,QRIS,Tata,,Soya Original,Original,Hot,1,17000,17000,1,
TR-JUN2026-0212,2026-06-15,Tunai,Ata,,Soya Original,Original,Large,1,21000,21000,1,
TR-JUN2026-0213,2026-06-15,Tunai,Ata,,Soya Tahwa Kembang Tahu,Tahwa Kembang Tahu,Cup,1,15000,15000,1,
TR-JUN2026-0214,2026-06-15,Tunai,Asep,,Soya Tahwa Kembang Tahu,Tahwa Kembang Tahu,Cup,1,15000,15000,1,
TR-JUN2026-0215,2026-06-15,Tunai,Asep,,Soya Original,Original,Hot,1,17000,17000,1,
TR-JUN2026-0216,2026-06-15,Tunai,Lia,,Soya Original,Original,250 ml,1,22000,22000,1,
TR-JUN2026-0217,2026-06-15,Tunai,Lia,,Soya Coffee Kopi,Coffee Kopi,250 ml,1,24000,24000,1,
TR-JUN2026-0218,2026-06-15,Tunai,Lia,,Soya Royal Belgian,Royal Belgian,Reguler,1,25000,25000,1,
TR-JUN2026-0219,2026-06-15,Tunai,Lia,,Soya Tahwa Kembang Tahu,Tahwa Kembang Tahu,Cup,1,15000,15000,1,
TR-JUN2026-0220,2026-06-16,ShopeeFood,Mifta,,Soya Original,Original,1000 ml,1,74000,74000,1,
TR-JUN2026-0221,2026-06-16,QRIS,Umi,,Soya Choco Maniac,Choco Maniac,Reguler,1,25000,25000,1,
TR-JUN2026-0222,2026-06-16,QRIS,Ayu,,Soya Mango Monggo,Mango Monggo,Reguler,1,20000,20000,1,
TR-JUN2026-0223,2026-06-16,Tunai,Syifa,,Soya Mango Monggo,Mango Monggo,Reguler,1,20000,20000,1,
TR-JUN2026-0224,2026-06-16,GrabFood,Sari,,Soya Original,Original,Large,1,21000,21000,1,
TR-JUN2026-0225,2026-06-16,GrabFood,Agustinus,,Soya Original,Original,Large,1,21000,21000,1,
TR-JUN2026-0226,2026-06-16,QRIS,Tyas,,Soya Mango Smell Good,Mango Smell Good,Reguler,1,25000,25000,1,
TR-JUN2026-0227,2026-06-16,QRIS,Tyas,,Soya Choco Oat,Choco Oat,Reguler,1,27000,27000,1,
TR-JUN2026-0228,2026-06-16,QRIS,Maulia,,Soya Royal Belgian,Royal Belgian,Reguler,1,25000,25000,1,
TR-JUN2026-0229,2026-06-16,Transfer,Aden,,Soya Taro Thanos,Taro Thanos,Large,1,30000,30000,1,
TR-JUN2026-0230,2026-06-16,Transfer,Aden,,Soya Thai Tea,Thai Tea,Reguler,1,22000,22000,1,
TR-JUN2026-0231,2026-06-16,Transfer,Aden,,Soya Original,Original,500 ml,1,39000,39000,1,
TR-JUN2026-0232,2026-06-16,Transfer,Aden,,Soya Choco Maniac,Choco Maniac,500 ml,1,49000,49000,1,
TR-JUN2026-0233,2026-06-16,QRIS,Citra,,Soya Dark Choco,Dark Choco,Large,1,34000,34000,1,
TR-JUN2026-0234,2026-06-16,QRIS,Citra,,Soya Original,Original,Large,1,21000,21000,1,
TR-JUN2026-0235,2026-06-16,QRIS,Citra,,Soya Coffee Kopi,Coffee Kopi,Reguler,2,21000,42000,2,
TR-JUN2026-0236,2026-06-16,ShopeeFood,Catherine,,Soya Choco Maniac,Choco Maniac,Large,1,30000,30000,1,
TR-JUN2026-0237,2026-06-16,Tunai,Diah,,Soya Tahwa Kembang Tahu,Tahwa Kembang Tahu,Cup,1,15000,15000,1,
TR-JUN2026-0238,2026-06-16,GrabFood,Fatma,,Soya Original,Original,250 ml,1,22000,22000,1,
TR-JUN2026-0239,2026-06-16,GrabFood,Fatma,,Soya Tahwa Kembang Tahu,Tahwa Kembang Tahu,Cup,1,15000,15000,1,
TR-JUN2026-0240,2026-06-16,GrabFood,Fatma,,Soya Soy Milk Pudding,Soy Milk Pudding,Cup,1,15000,15000,1,
TR-JUN2026-0241,2026-06-17,ShopeeFood,Rumaisha,,Soya Choco Maniac,Choco Maniac,Reguler,1,25000,25000,1,
TR-JUN2026-0242,2026-06-17,ShopeeFood,Puji,,Soya Mango Smell Good,Mango Smell Good,Reguler,1,25000,25000,1,
TR-JUN2026-0243,2026-06-17,QRIS,Kiki,,Soya Original,Original,Hot,2,17000,34000,2,
TR-JUN2026-0244,2026-06-17,QRIS,Kiki,,Soya Choco Maniac,Choco Maniac,Reguler,1,25000,25000,1,
TR-JUN2026-0245,2026-06-17,Tunai,Haira,,Soya Redvelvet,Redvelvet,Reguler,1,25000,25000,1,
TR-JUN2026-0246,2026-06-17,Tunai,Haira,,Soya Soy Milk Pudding,Soy Milk Pudding,Cup,1,15000,15000,1,
TR-JUN2026-0247,2026-06-17,QRIS,Ita,,Soya Mango Smell Good,Mango Smell Good,Reguler,1,25000,25000,1,
TR-JUN2026-0248,2026-06-17,Tunai,Firman,,Soya Honey Lemon,Honey Lemon,Reguler,1,20000,20000,1,
TR-JUN2026-0249,2026-06-17,Tunai,Firman,,Soya Choco Oat,Choco Oat,Reguler,1,27000,27000,1,
TR-JUN2026-0250,2026-06-17,QRIS,Lambert,,Soya Tahwa Kembang Tahu,Tahwa Kembang Tahu,Cup,2,15000,30000,2,
TR-JUN2026-0251,2026-06-17,QRIS,Lambert,,Soya Original,Original,250 ml,2,22000,44000,2,
TR-JUN2026-0252,2026-06-17,QRIS,Novi,,Soya Original,Original,Reguler,1,17000,17000,1,
TR-JUN2026-0253,2026-06-17,QRIS,Novi,,Soya Tahwa Kembang Tahu,Tahwa Kembang Tahu,Cup,1,15000,15000,1,
TR-JUN2026-0254,2026-06-17,QRIS,Ara,,Soya Tahwa Kembang Tahu,Tahwa Kembang Tahu,Cup,1,15000,15000,1,
TR-JUN2026-0255,2026-06-17,Tunai,Adel,,Soya Tahwa Kembang Tahu,Tahwa Kembang Tahu,Cup,1,15000,15000,1,
TR-JUN2026-0256,2026-06-17,Tunai,Novii,,Soya Tahwa Kembang Tahu,Tahwa Kembang Tahu,Cup,1,15000,15000,1,
TR-JUN2026-0257,2026-06-17,ShopeeFood,Annisa,,Soya Original,Original,Large,1,21000,21000,1,
TR-JUN2026-0258,2026-06-17,GrabFood,Martinus,,Soya Taro Thanos,Taro Thanos,Large,1,30000,30000,1,
TR-JUN2026-0259,2026-06-18,QRIS,Aprilia,,Soya Original,Original,Reguler,1,17000,17000,1,
TR-JUN2026-0260,2026-06-18,ShopeeFood,Puji,,Soya Original,Original,Reguler,2,17000,34000,2,
TR-JUN2026-0261,2026-06-18,QRIS,Fahrul,,Soya Choco Maniac,Choco Maniac,Reguler,1,25000,25000,1,
TR-JUN2026-0262,2026-06-18,QRIS,Fahrul,,Soya Honey Lemon,Honey Lemon,Reguler,1,20000,20000,1,
TR-JUN2026-0263,2026-06-18,QRIS,Alika,,Soya Dark Choco,Dark Choco,250 ml,1,33000,33000,1,
TR-JUN2026-0264,2026-06-18,QRIS,Alika,,Soya Soy Milk Pudding,Soy Milk Pudding,Cup,1,15000,15000,1,
TR-JUN2026-0265,2026-06-19,Tunai,Aya,,Soya Tahwa Kembang Tahu,Tahwa Kembang Tahu,Cup,2,15000,30000,2,
TR-JUN2026-0266,2026-06-19,GrabFood,Tiwa,,Soya Original,Original,500 ml,2,39000,78000,2,
TR-JUN2026-0267,2026-06-19,Transfer,Denny,,Soya Original,Original,Large,4,21000,84000,4,
TR-JUN2026-0268,2026-06-19,Transfer,Denny,,Soya Choco Oat,Choco Oat,Large,1,32000,32000,1,
TR-JUN2026-0269,2026-06-19,Transfer,Denny,,Soya Original,Original,250 ml,2,22000,44000,2,
TR-JUN2026-0270,2026-06-19,Transfer,Denny,,Soya Mango Smell Good,Mango Smell Good,250 ml,1,27000,27000,1,
TR-JUN2026-0271,2026-06-19,Transfer,Denny,,Soya Cappuccino,Cappuccino,250 ml,1,27000,27000,1,
TR-JUN2026-0272,2026-06-19,QRIS,Deni,,Soya Green Tea,Green Tea,Hot,1,25000,25000,1,
TR-JUN2026-0273,2026-06-19,Tunai,Ifal,,Soya Tahwa Kembang Tahu,Tahwa Kembang Tahu,Cup,3,15000,45000,3,
TR-JUN2026-0274,2026-06-19,Tunai,Ifal,,Soya Mango Smell Good,Mango Smell Good,Reguler,1,25000,25000,1,
TR-JUN2026-0275,2026-06-20,QRIS,Lani,,Soya Original,Original,Reguler,2,17000,34000,2,
TR-JUN2026-0276,2026-06-20,QRIS,Raras,,Soya Coffee Kopi,Coffee Kopi,Large,1,26000,26000,1,
TR-JUN2026-0277,2026-06-20,QRIS,Raras,,Soya Mango Smell Good,Mango Smell Good,Reguler,1,25000,25000,1,
TR-JUN2026-0278,2026-06-20,Tunai,Sansan,,Soya Royal Belgian,Royal Belgian,Large,1,30000,30000,1,
TR-JUN2026-0279,2026-06-20,QRIS,Roni,,Soya Royal Belgian,Royal Belgian,Reguler,1,25000,25000,1,
TR-JUN2026-0280,2026-06-20,QRIS,Roni,,Soya Tahwa Kembang Tahu,Tahwa Kembang Tahu,Cup,1,15000,15000,1,
TR-JUN2026-0281,2026-06-20,QRIS,Indra,,Soya Coffee Kopi,Coffee Kopi,Large,1,26000,26000,1,
TR-JUN2026-0282,2026-06-20,QRIS,Yuli,,Soya Original,Original,Large,1,21000,21000,1,
TR-JUN2026-0283,2026-06-20,QRIS,Yuli,,Soya Mango Monggo,Mango Monggo,Large,1,25000,25000,1,
TR-JUN2026-0284,2026-06-20,QRIS,Yuli,,Soya Tahwa Kembang Tahu,Tahwa Kembang Tahu,Cup,1,15000,15000,1,
TR-JUN2026-0285,2026-06-20,Tunai,Yola,,Soya Tahwa Kembang Tahu,Tahwa Kembang Tahu,Cup,2,15000,30000,2,
TR-JUN2026-0286,2026-06-20,QRIS,Cio,,Soya Original,Original,Reguler,1,17000,17000,1,
TR-JUN2026-0287,2026-06-20,QRIS,Riska,,Soya Choco Maniac,Choco Maniac,Reguler,1,25000,25000,1,
TR-JUN2026-0288,2026-06-20,QRIS,Elva,,Soya Choco Maniac,Choco Maniac,Reguler,1,25000,25000,1,
TR-JUN2026-0289,2026-06-20,QRIS,Farah,,Soya Mango Monggo,Mango Monggo,Reguler,1,20000,20000,1,
TR-JUN2026-0290,2026-06-20,QRIS,Ayus,,Soya Honey Lemon,Honey Lemon,Large,1,25000,25000,1,
TR-JUN2026-0291,2026-06-20,QRIS,Diyah,,Soya Original,Original,Reguler,1,17000,17000,1,
TR-JUN2026-0292,2026-06-20,QRIS,Naya,,Soya Green Tea,Green Tea,Reguler,1,25000,25000,1,
TR-JUN2026-0293,2026-06-20,QRIS,Naki,,Soya Redvelvet,Redvelvet,Reguler,1,25000,25000,1,
TR-JUN2026-0294,2026-06-20,QRIS,Maya,,Soya Honey Lemon,Honey Lemon,Large,1,25000,25000,1,
TR-JUN2026-0295,2026-06-20,GrabFood,Mitha,,Soya Royal Belgian,Royal Belgian,Reguler,1,25000,25000,1,
TR-JUN2026-0296,2026-06-20,QRIS,Mozes,,Soya Coffee Kopi,Coffee Kopi,250 ml,1,24000,24000,1,
TR-JUN2026-0297,2026-06-20,QRIS,Mozes,,Soya Original,Original,Large,3,21000,63000,3,
TR-JUN2026-0298,2026-06-20,QRIS,Nonita,,Soya Original,Original,Reguler,2,17000,34000,2,
TR-JUN2026-0299,2026-06-20,QRIS,Nonita,,Soya Original,Original,Large,1,21000,21000,1,
TR-JUN2026-0300,2026-06-20,GrabFood,Sinta,,Soya Royal Belgian,Royal Belgian,Reguler,1,25000,25000,1,
TR-JUN2026-0301,2026-06-20,GrabFood,Sinta,,Soya Soy Milk Pudding,Soy Milk Pudding,Cup,1,15000,15000,1,
TR-JUN2026-0302,2026-06-20,Tunai,Faris,,Soya Green Tea,Green Tea,Reguler,1,25000,25000,1,
TR-JUN2026-0303,2026-06-22,Tunai,Faris,,Soya Tahwa Kembang Tahu,Tahwa Kembang Tahu,Cup,1,15000,15000,1,
TR-JUN2026-0304,2026-06-22,ShopeeFood,Ayu,,Soya Royal Belgian,Royal Belgian,Large,1,30000,30000,1,
TR-JUN2026-0305,2026-06-22,Tunai,Legita,,Soya Original,Original,Reguler,1,17000,17000,1,
TR-JUN2026-0306,2026-06-22,QRIS,Legita,,Soya Original,Original,Reguler,1,17000,17000,1,
TR-JUN2026-0307,2026-06-22,QRIS,Legita,,Soya Thai Tea,Thai Tea,Reguler,1,22000,22000,1,
TR-JUN2026-0308,2026-06-22,QRIS,Legita,,Soya Redvelvet,Redvelvet,Reguler,1,25000,25000,1,
TR-JUN2026-0309,2026-06-22,Tunai,Aya,,Soya Original,Original,250 ml,1,22000,22000,1,
TR-JUN2026-0310,2026-06-22,Tunai,Aya,,Soya Original,Original,Large,1,21000,21000,1,
TR-JUN2026-0311,2026-06-22,GrabFood,Chelsea,,Soya Original,Original,1000 ml,1,74000,74000,1,
TR-JUN2026-0312,2026-06-22,GrabFood,Mitha,,Soya Original,Original,Reguler,1,17000,17000,1,
TR-JUN2026-0313,2026-06-22,ShopeeFood,Imam,,Soya Dark Choco,Dark Choco,1000 ml,1,95000,95000,1,
TR-JUN2026-0314,2026-06-22,GoFood,Alysia,,Soya Original,Original,Large,1,21000,21000,1,
TR-JUN2026-0315,2026-06-22,QRIS,Najma,,Soya Choco Oat,Choco Oat,500 ml,1,55000,55000,1,
TR-JUN2026-0316,2026-06-22,QRIS,Najma,,Soya Tahwa Kembang Tahu,Tahwa Kembang Tahu,Cup,1,15000,15000,1,
TR-JUN2026-0317,2026-06-22,QRIS,Cahya,,Soya Original,Original,Reguler,1,17000,17000,1,
TR-JUN2026-0318,2026-06-22,QRIS,Cahya,,Soya Tahwa Kembang Tahu,Tahwa Kembang Tahu,Cup,1,15000,15000,1,
TR-JUN2026-0319,2026-06-22,Tunai,Monic,,Soya Tahwa Kembang Tahu,Tahwa Kembang Tahu,Cup,2,15000,30000,2,
TR-JUN2026-0320,2026-06-22,Tunai,Monic,,Soya Original,Original,1000 ml,1,74000,74000,1,
TR-JUN2026-0321,2026-06-23,Tunai,Monic,,Soya Original,Original,Reguler,1,17000,17000,1,
TR-JUN2026-0322,2026-06-23,Tunai,Cio,,Soya Original,Original,500 ml,1,39000,39000,1,
TR-JUN2026-0323,2026-06-23,ShopeeFood,Fathia,,Soya Green Tea,Green Tea,Reguler,1,25000,25000,1,
TR-JUN2026-0324,2026-06-23,ShopeeFood,Fathia,,Soya Tahwa Kembang Tahu,Tahwa Kembang Tahu,Cup,1,15000,15000,1,
TR-JUN2026-0325,2026-06-23,GrabFood,Nurul,,Soya Original,Original,Large,1,21000,21000,1,
TR-JUN2026-0326,2026-06-23,GrabFood,Nurul,,Soya Royal Belgian,Royal Belgian,Large,1,30000,30000,1,
TR-JUN2026-0327,2026-06-23,QRIS,Yoga,,Soya Tahwa Kembang Tahu,Tahwa Kembang Tahu,Cup,1,15000,15000,1,
TR-JUN2026-0328,2026-06-23,QRIS,Angel,,Soya Dark Choco,Dark Choco,Reguler,1,29000,29000,1,
TR-JUN2026-0329,2026-06-23,QRIS,Angel,,Soya Royal Belgian,Royal Belgian,Reguler,1,25000,25000,1,
TR-JUN2026-0330,2026-06-23,GrabFood,Xin,,Soya Original,Original,250 ml,1,22000,22000,1,
TR-JUN2026-0331,2026-06-23,GrabFood,Xin,,Soya Tahwa Kembang Tahu,Tahwa Kembang Tahu,Cup,1,15000,15000,1,
TR-JUN2026-0332,2026-06-23,QRIS,Agnes,,Soya Thai Tea,Thai Tea,Large,1,27000,27000,1,
TR-JUN2026-0333,2026-06-23,Transfer,Aden,,Soya Coffee Kopi,Coffee Kopi,Reguler,1,21000,21000,1,
TR-JUN2026-0334,2026-06-24,Transfer,Aden,,Soya Choco Coffee,Choco Coffee,Large,1,32000,32000,1,
TR-JUN2026-0335,2026-06-24,QRIS,Fresti,,Soya Dark Choco,Dark Choco,Reguler,1,29000,29000,1,
TR-JUN2026-0336,2026-06-24,ShopeeFood,Cindy,,Soya Coffee Kopi,Coffee Kopi,Large,1,26000,26000,1,
TR-JUN2026-0337,2026-06-24,ShopeeFood,Cindy,,Soya Choco Maniac,Choco Maniac,Large,1,30000,30000,1,
TR-JUN2026-0338,2026-06-24,GrabFood,Rara,,Soya Royal Belgian,Royal Belgian,Large,1,30000,30000,1,
TR-JUN2026-0339,2026-06-24,GrabFood,Helen,,Soya Choco Oat,Choco Oat,Reguler,2,27000,54000,2,
TR-JUN2026-0340,2026-06-24,QRIS,Karin,,Soya Dark Choco,Dark Choco,Reguler,1,29000,29000,1,
TR-JUN2026-0341,2026-06-24,QRIS,Karin,,Soya Tahwa Kembang Tahu,Tahwa Kembang Tahu,Cup,2,15000,30000,2,
TR-JUN2026-0342,2026-06-24,QRIS,Karin,,Soya Cappuccino,Cappuccino,Reguler,1,25000,25000,1,
TR-JUN2026-0343,2026-06-24,GrabFood,Kika,,Soya Original,Original,Large,1,21000,21000,1,
TR-JUN2026-0344,2026-06-24,Tunai,Ifal,,Soya Tahwa Kembang Tahu,Tahwa Kembang Tahu,Cup,2,15000,30000,2,
TR-JUN2026-0345,2026-06-25,GrabFood,Indah,,Soya Royal Belgian,Royal Belgian,Reguler,1,25000,25000,1,
TR-JUN2026-0346,2026-06-25,QRIS,Nisa,,Soya Original,Original,500 ml,7,39000,273000,7,
TR-JUN2026-0347,2026-06-25,QRIS,Fira,,Soya Original,Original,Large,1,21000,21000,1,
TR-JUN2026-0348,2026-06-25,Tunai,Rudi,,Soya Original,Original,Hot,1,17000,17000,1,
TR-JUN2026-0349,2026-06-25,QRIS,Arga,,Soya Coffee Kopi,Coffee Kopi,Reguler,1,21000,21000,1,
TR-JUN2026-0350,2026-06-25,QRIS,Arga,,Soya Mango Smell Good,Mango Smell Good,Reguler,1,25000,25000,1,
TR-JUN2026-0351,2026-06-25,GrabFood,Fajar,,Soya Original,Original,1000 ml,1,74000,74000,1,
TR-JUN2026-0352,2026-06-25,QRIS,Natasya,,Soya Tahwa Kembang Tahu,Tahwa Kembang Tahu,Cup,1,15000,15000,1,
TR-JUN2026-0353,2026-06-25,Tunai,Samia,,Soya Royal Belgian,Royal Belgian,1000 ml,1,89000,89000,1,
TR-JUN2026-0354,2026-06-25,Tunai,Lintang,,Soya Choco Maniac,Choco Maniac,500 ml,1,49000,49000,1,
TR-JUN2026-0355,2026-06-25,Tunai,Lintang,,Soya Honey Lemon,Honey Lemon,Reguler,1,20000,20000,1,
TR-JUN2026-0356,2026-06-25,Tunai,Bintang,,Soya Choco Maniac,Choco Maniac,Large,1,30000,30000,1,
TR-JUN2026-0357,2026-06-25,Tunai,Bintang,,Soya Royal Belgian,Royal Belgian,Large,1,30000,30000,1,
TR-JUN2026-0358,2026-06-25,Tunai,Noval,,Soya Choco Oat,Choco Oat,Reguler,1,27000,27000,1,
TR-JUN2026-0359,2026-06-25,QRIS,Iwan,,Soya Original,Original,Reguler,2,17000,34000,2,
TR-JUN2026-0360,2026-06-25,QRIS,Iwan,,Soya Soy Milk Pudding,Soy Milk Pudding,Cup,2,15000,30000,2,
TR-JUN2026-0361,2026-06-26,ShopeeFood,Nashaty,,Soya Tahwa Kembang Tahu,Tahwa Kembang Tahu,Cup,1,15000,15000,1,
TR-JUN2026-0362,2026-06-26,Tunai,Linda,,Soya Original,Original,500 ml,1,39000,39000,1,
TR-JUN2026-0363,2026-06-26,Tunai,Linda,,Soya Tahwa Kembang Tahu,Tahwa Kembang Tahu,Cup,2,15000,30000,2,
TR-JUN2026-0364,2026-06-26,QRIS,Monic,,Soya Tahwa Kembang Tahu,Tahwa Kembang Tahu,Cup,1,15000,15000,1,
TR-JUN2026-0365,2026-06-26,QRIS,Monic,,Soya Redvelvet,Redvelvet,250 ml,1,27000,27000,1,
TR-JUN2026-0366,2026-06-26,QRIS,Monic,,Soya Original,Original,Large,1,21000,21000,1,
TR-JUN2026-0367,2026-06-26,Tunai,Didin,,Soya Mango Smell Good,Mango Smell Good,Reguler,1,25000,25000,1,
TR-JUN2026-0368,2026-06-27,GrabFood,Rara,,Soya Royal Belgian,Royal Belgian,Large,1,30000,30000,1,
TR-JUN2026-0369,2026-06-27,ShopeeFood,Cio,,Soya Original,Original,Reguler,1,17000,17000,1,
TR-JUN2026-0370,2026-06-27,ShopeeFood,Cio,,Soya Original,Original,500 ml,1,39000,39000,1,
TR-JUN2026-0371,2026-06-27,QRIS,Zeta,,Soya Royal Belgian,Royal Belgian,Reguler,1,25000,25000,1,
TR-JUN2026-0372,2026-06-27,QRIS,Zeta,,Soya Soy Milk Pudding,Soy Milk Pudding,Cup,1,15000,15000,1,
TR-JUN2026-0373,2026-06-27,QRIS,Eksal,,Soya Original,Original,Reguler,2,17000,34000,2,
TR-JUN2026-0374,2026-06-27,GrabFood,Jingga,,Soya Tahwa Kembang Tahu,Tahwa Kembang Tahu,Cup,1,15000,15000,1,
TR-JUN2026-0375,2026-06-27,GrabFood,Jingga,,Soya Soy Milk Pudding,Soy Milk Pudding,Cup,1,15000,15000,1,
TR-JUN2026-0376,2026-06-27,QRIS,Eris,,Soya Tahwa Kembang Tahu,Tahwa Kembang Tahu,Cup,1,15000,15000,1,
TR-JUN2026-0377,2026-06-27,QRIS,Eris,,Soya Royal Belgian,Royal Belgian,Reguler,1,25000,25000,1,
TR-JUN2026-0378,2026-06-27,QRIS,Fahri,,Soya Green Tea,Green Tea,Reguler,1,25000,25000,1,
TR-JUN2026-0379,2026-06-27,QRIS,Lukman,,Soya Redvelvet,Redvelvet,Reguler,1,25000,25000,1,
TR-JUN2026-0380,2026-06-27,GrabFood,Didin,,Soya Honey Lemon,Honey Lemon,250 ml,1,23000,23000,1,
TR-JUN2026-0381,2026-06-27,Tunai,Kakak,,Soya Original,Original,Reguler,1,17000,17000,1,
TR-JUN2026-0382,2026-06-27,Tunai,Kakak,,Soya Choco Maniac,Choco Maniac,Reguler,1,25000,25000,1,
TR-JUN2026-0383,2026-06-27,GrabFood,Ara,,Soya Mango Smell Good,Mango Smell Good,Large,1,30000,30000,1,
TR-JUN2026-0384,2026-06-29,GrabFood,Ara,,Soya Tahwa Kembang Tahu,Tahwa Kembang Tahu,Cup,1,15000,15000,1,
TR-JUN2026-0385,2026-06-29,ShopeeFood,Zoraya,,Soya Thai Tea,Thai Tea,500 ml,1,46000,46000,1,
TR-JUN2026-0386,2026-06-29,ShopeeFood,Zoraya,,Soya Soy Milk Pudding,Soy Milk Pudding,Cup,1,15000,15000,1,
TR-JUN2026-0387,2026-06-29,Tunai,Ardi,,Soya Soy Milk Pudding,Soy Milk Pudding,Cup,4,15000,60000,4,
TR-JUN2026-0388,2026-06-29,Tunai,Ardi,,Soya Tahwa Kembang Tahu,Tahwa Kembang Tahu,Cup,2,15000,30000,2,
TR-JUN2026-0389,2026-06-29,Tunai,Ardi,,Soya Mango Smell Good,Mango Smell Good,Reguler,1,25000,25000,1,
TR-JUN2026-0390,2026-06-29,Tunai,Sari,,Soya Original,Original,Reguler,1,17000,17000,1,
TR-JUN2026-0391,2026-06-29,Transfer,Mimi,,Soya Original,Original,500 ml,3,39000,117000,3,
TR-JUN2026-0392,2026-06-29,Transfer,Mimi,,Soya Cappuccino,Cappuccino,250 ml,2,27000,54000,2,
TR-JUN2026-0393,2026-06-29,Transfer,Mimi,,Soya Dark Choco,Dark Choco,250 ml,4,33000,132000,4,
TR-JUN2026-0394,2026-06-29,Transfer,Mimi,,Soya Choco Coffee,Choco Coffee,250 ml,1,30000,30000,1,
TR-JUN2026-0395,2026-06-29,Transfer,Mimi,,Soya Thai Tea,Thai Tea,250 ml,1,26000,26000,1,
TR-JUN2026-0396,2026-06-29,Transfer,Mimi,,Soya Mango Monggo,Mango Monggo,250 ml,1,23000,23000,1,
TR-JUN2026-0397,2026-06-29,Transfer,Nonita,,Soya Taro Thanos,Taro Thanos,Reguler,1,25000,25000,1,
TR-JUN2026-0398,2026-06-29,Transfer,Nonita,,Soya Coffee Kopi,Coffee Kopi,Reguler,1,21000,21000,1,
TR-JUN2026-0399,2026-06-29,Transfer,Nonita,,Soya Green Tea,Green Tea,Reguler,1,25000,25000,1,
TR-JUN2026-0400,2026-06-29,Transfer,Nonita,,Soya Royal Belgian,Royal Belgian,Reguler,1,25000,25000,1,
TR-JUN2026-0401,2026-06-29,Transfer,Nonita,,Soya Choco Maniac,Choco Maniac,250 ml,2,27000,54000,2,
TR-JUN2026-0402,2026-06-29,Transfer,Nonita,,Soya Mango Monggo,Mango Monggo,Large,1,25000,25000,1,
TR-JUN2026-0403,2026-06-29,Transfer,Nonita,,Soya Soy Milk Pudding,Soy Milk Pudding,Cup,7,15000,105000,7,
TR-JUN2026-0404,2026-06-30,Transfer,Nonita,,Soya Tahwa Kembang Tahu,Tahwa Kembang Tahu,Cup,7,15000,105000,7,
TR-JUN2026-0405,2026-06-30,QRIS,Annisa,,Soya Thai Tea,Thai Tea,250 ml,1,26000,26000,1,
TR-JUN2026-0406,2026-06-30,QRIS,Riri,,Soya Royal Belgian,Royal Belgian,Large,1,30000,30000,1,
TR-JUN2026-0407,2026-06-30,QRIS,Talitha,,Soya Taro Thanos,Taro Thanos,Reguler,1,25000,25000,1,
TR-JUN2026-0408,2026-06-30,Tunai,Fami,,Soya Original,Original,Reguler,1,17000,17000,1,
TR-JUN2026-0409,2026-06-30,Transfer,Denny,,Soya Original,Original,Large,1,21000,21000,1,
TR-JUN2026-0410,2026-06-30,Transfer,Denny,,Soya Choco Oat,Choco Oat,Large,1,32000,32000,1,
TR-JUN2026-0411,2026-06-30,Transfer,Denny,,Soya Choco Maniac,Choco Maniac,Reguler,1,25000,25000,1,
TR-JUN2026-0412,2026-06-30,Tunai,Monic,,Soya Original,Original,Large,2,21000,42000,2,
TR-JUN2026-0413,2026-06-30,ShopeeFood,Iza,,Soya Original,Original,Large,1,21000,21000,1,
TR-JUN2026-0414,2026-06-30,GrabFood,Rara,,Soya Original,Original,500 ml,1,39000,39000,1,
TR-JUN2026-0415,2026-06-30,GrabFood,Gayuh,,Soya Royal Belgian,Royal Belgian,Reguler,1,25000,25000,1,
TR-JUN2026-0416,2026-06-30,GrabFood,Gayuh,,Soya Royal Belgian,Royal Belgian,250 ml,1,27000,27000,1,
TR-JUN2026-0417,2026-06-30,QRIS,Lukman,,Soya Original,Original,Reguler,1,17000,17000,1,
TR-JUN2026-0418,2026-06-30,QRIS,Umi,,Soya Choco Maniac,Choco Maniac,Reguler,1,25000,25000,1,
TR-JUN2026-0419,2026-06-30,ShopeeFood,Indriyani,,Soya Tahwa Kembang Tahu,Tahwa Kembang Tahu,Cup,1,15000,15000,1,
TR-JUL2026-0420,2026-07-01,QRIS,Agnes,,Soya Green Tea,Green Tea,Reguler,1,25000,25000,1,
TR-JUL2026-0421,2026-07-01,GrabFood,Nadia,,Soya Tahwa Kembang Tahu,Tahwa Kembang Tahu,Cup,1,15000,15000,1,
TR-JUL2026-0422,2026-07-01,GrabFood,Nadia,,Soya Soy Milk Pudding,Soy Milk Pudding,Cup,1,15000,15000,1,
TR-JUL2026-0423,2026-07-01,GrabFood,Nadia,,Soya Royal Belgian,Royal Belgian,Large,1,30000,30000,1,
TR-JUL2026-0424,2026-07-01,GrabFood,Chelsea,,Soya Original,Original,1000 ml,1,74000,74000,1,
TR-JUL2026-0425,2026-07-01,Tunai,Yuya,,Soya Tahwa Kembang Tahu,Tahwa Kembang Tahu,Cup,5,15000,75000,5,
TR-JUL2026-0426,2026-07-01,Tunai,Yuya,,Soya Soy Milk Pudding,Soy Milk Pudding,Cup,5,15000,75000,5,
TR-JUL2026-0427,2026-07-01,Tunai,Yuya,,Soya Vegan Cookies Peanut,Vegan Cookies Peanut,Pack,1,40000,40000,0,
TR-JUL2026-0428,2026-07-01,QRIS,Talitha,,Soya Taro Thanos,Taro Thanos,Reguler,1,25000,25000,1,
TR-JUL2026-0429,2026-07-01,QRIS,Ayas,,Soya Dark Choco,Dark Choco,Reguler,1,29000,29000,1,
TR-JUL2026-0430,2026-07-01,GrabFood,Muhammad Hanan,,Soya Original,Original,Reguler,1,17000,17000,1,
TR-JUL2026-0431,2026-07-01,GrabFood,Muhammad Hanan,,Soya Soy Milk Pudding,Soy Milk Pudding,Cup,1,15000,15000,1,
TR-JUL2026-0432,2026-07-01,QRIS,Ayas,,Soya Dark Choco,Dark Choco,Reguler,1,29000,29000,1,
TR-JUL2026-0433,2026-07-01,QRIS,Ayas,,Soya Original,Original,Reguler,1,17000,17000,1,
TR-JUL2026-0434,2026-07-01,QRIS,Ayas,,Soya Tahwa Kembang Tahu,Tahwa Kembang Tahu,Cup,1,15000,15000,1,
TR-JUL2026-0435,2026-07-01,QRIS,Dunan,,Soya Royal Belgian,Royal Belgian,Reguler,1,25000,25000,1,
TR-JUL2026-0436,2026-07-01,GrabFood,Fiko,,Soya Cappuccino,Cappuccino,Large,1,30000,30000,1,
TR-JUL2026-0437,2026-07-01,GrabFood,Fiko,,Soya Royal Belgian,Royal Belgian,Reguler,1,25000,25000,1,
TR-JUL2026-0438,2026-07-01,GrabFood,Fiko,,Soya Tahwa Kembang Tahu,Tahwa Kembang Tahu,Cup,1,15000,15000,1,
TR-JUL2026-0439,2026-07-01,GrabFood,Catherine,,Soya Choco Maniac,Choco Maniac,Large,1,30000,30000,1,
TR-JUL2026-0440,2026-07-01,GrabFood,Didin,,Soya Cappuccino,Cappuccino,Reguler,1,25000,25000,1,
TR-JUL2026-0441,2026-07-01,ShopeeFood,Putri,,Soya Tahwa Kembang Tahu,Tahwa Kembang Tahu,Cup,1,15000,15000,1,
TR-JUL2026-0442,2026-07-01,ShopeeFood,Putri,,Soya Coffee Kopi,Coffee Kopi,Reguler,1,21000,21000,1,
TR-JUL2026-0443,2026-07-01,GrabFood,Alifah,,Soya Original,Original,250 ml,1,22000,22000,1,
TR-JUL2026-0444,2026-07-01,GrabFood,Alifah,,Soya Soy Milk Pudding,Soy Milk Pudding,Cup,2,15000,30000,2,
TR-JUL2026-0445,2026-07-02,QRIS,Annisa,,Soya Green Tea,Green Tea,Large,1,30000,30000,1,
TR-JUL2026-0446,2026-07-02,Tunai,Tarso,,Soya Choco Maniac,Choco Maniac,250 ml,1,27000,27000,1,
TR-JUL2026-0447,2026-07-02,Tunai,Fanya,,Soya Original,Original,Large,2,21000,42000,2,
TR-JUL2026-0448,2026-07-02,Tunai,Amira,,Soya Tahwa Kembang Tahu,Tahwa Kembang Tahu,Cup,1,15000,15000,1,
TR-JUL2026-0449,2026-07-02,Tunai,Amira,,Soya Royal Belgian,Royal Belgian,Reguler,1,25000,25000,1,
TR-JUL2026-0450,2026-07-02,Tunai,Amira,,Soya Coffee Kopi,Coffee Kopi,Reguler,1,21000,21000,1,
TR-JUL2026-0451,2026-07-02,QRIS,Alya,,Soya Tahwa Kembang Tahu,Tahwa Kembang Tahu,Cup,1,15000,15000,1,
TR-JUL2026-0452,2026-07-02,QRIS,Alya,,Soya Original,Original,Reguler,1,17000,17000,1,
TR-JUL2026-0453,2026-07-02,GrabFood,Pristia,,Soya Original,Original,Reguler,1,17000,17000,1,
TR-JUL2026-0454,2026-07-02,GrabFood,Pristia,,Soya Royal Belgian,Royal Belgian,Reguler,1,25000,25000,1,
TR-JUL2026-0455,2026-07-02,Tunai,Fia,,Soya Tahwa Kembang Tahu,Tahwa Kembang Tahu,Cup,2,15000,30000,2,
TR-JUL2026-0456,2026-07-02,GrabFood,Meilinda,,Soya Thai Tea,Thai Tea,Reguler,1,22000,22000,1,
TR-JUL2026-0457,2026-07-02,GrabFood,Meilinda,,Soya Tahwa Kembang Tahu,Tahwa Kembang Tahu,Cup,1,15000,15000,1,
TR-JUL2026-0458,2026-07-02,GrabFood,Meilinda,,Soya Soy Milk Pudding,Soy Milk Pudding,Cup,1,15000,15000,1,
TR-JUL2026-0459,2026-07-02,QRIS,Divan,,Soya Choco Maniac,Choco Maniac,Large,1,30000,30000,1,
TR-JUL2026-0460,2026-07-02,QRIS,Divan,,Soya Original,Original,Large,1,21000,21000,1,
TR-JUL2026-0461,2026-07-02,QRIS,Divan,,Soya Soy Milk Pudding,Soy Milk Pudding,Cup,1,15000,15000,1,
TR-JUL2026-0462,2026-07-02,Tunai,Tina,,Soya Tahwa Kembang Tahu,Tahwa Kembang Tahu,Cup,1,15000,15000,1,
TR-JUL2026-0463,2026-07-02,Tunai,Putra,,Soya Tahwa Kembang Tahu,Tahwa Kembang Tahu,Cup,2,15000,30000,2,
TR-JUL2026-0464,2026-07-02,Tunai,Risa,,Soya Original,Original,Reguler,1,17000,17000,1,
TR-JUL2026-0465,2026-07-02,Tunai,Risa,,Soya Tahwa Kembang Tahu,Tahwa Kembang Tahu,Cup,1,15000,15000,1,
TR-JUL2026-0466,2026-07-02,Tunai,Dini,,Soya Royal Belgian,Royal Belgian,Reguler,1,25000,25000,1,
TR-JUL2026-0467,2026-07-02,Tunai,Dini,,Soya Soy Milk Pudding,Soy Milk Pudding,Cup,1,15000,15000,1,
TR-JUL2026-0468,2026-07-02,Tunai,Dini,,Soya Mango Smell Good,Mango Smell Good,Reguler,1,25000,25000,1,
TR-JUL2026-0469,2026-07-02,GrabFood,Dian,,Soya Choco Maniac,Choco Maniac,Large,1,30000,30000,1,
TR-JUL2026-0470,2026-07-03,Transfer,Tata,,Soya Choco Maniac,Choco Maniac,Reguler,1,25000,25000,1,
TR-JUL2026-0471,2026-07-03,Transfer,Aden,,Soya Cappuccino,Cappuccino,Reguler,1,25000,25000,1,
TR-JUL2026-0472,2026-07-03,Transfer,Aden,,Soya Coffee Kopi,Coffee Kopi,Reguler,1,21000,21000,1,
TR-JUL2026-0473,2026-07-03,Transfer,Aden,,Soya Vegan Cookies Peanut,Vegan Cookies Peanut,Pack,2,40000,80000,0,
TR-JUL2026-0474,2026-07-03,Tunai,Satya,,Soya Choco Maniac,Choco Maniac,Reguler,1,25000,25000,1,
TR-JUL2026-0475,2026-07-03,QRIS,Lia,,Soya Royal Belgian,Royal Belgian,Large,1,30000,30000,1,
TR-JUL2026-0476,2026-07-03,QRIS,Lia,,Soya Soy Milk Pudding,Soy Milk Pudding,Cup,1,15000,15000,1,
TR-JUL2026-0477,2026-07-03,QRIS,Lia,,Soya Tahwa Kembang Tahu,Tahwa Kembang Tahu,Cup,1,15000,15000,1,
TR-JUL2026-0478,2026-07-03,GrabFood,Tiwa,,Soya Original,Original,1000 ml,1,74000,74000,1,
TR-JUL2026-0479,2026-07-03,QRIS,Dian,,Soya Soy Milk Pudding,Soy Milk Pudding,Cup,1,15000,15000,1,
TR-JUL2026-0480,2026-07-03,QRIS,Dian,,Soya Original,Original,Large,2,21000,42000,2,
TR-JUL2026-0481,2026-07-04,GrabFood,Felisiana,,Soya Taro Thanos,Taro Thanos,Reguler,1,25000,25000,1,
TR-JUL2026-0482,2026-07-04,GrabFood,Arlinta,,Soya Original,Original,Reguler,1,17000,17000,1,
TR-JUL2026-0483,2026-07-04,GrabFood,Arlinta,,Soya Royal Belgian,Royal Belgian,Reguler,1,25000,25000,1,
TR-JUL2026-0484,2026-07-04,GrabFood,Arlinta,,Soya Tahwa Kembang Tahu,Tahwa Kembang Tahu,Cup,1,15000,15000,1,
TR-JUL2026-0485,2026-07-04,QRIS,Cio,,Soya Original,Original,500 ml,1,39000,39000,1,
TR-JUL2026-0486,2026-07-04,QRIS,Cio,,Soya Original,Original,Reguler,1,17000,17000,1,
TR-JUL2026-0487,2026-07-04,QRIS,Angel,,Soya Honey Lemon,Honey Lemon,Reguler,1,20000,20000,1,
TR-JUL2026-0488,2026-07-04,QRIS,Angel,,Soya Original,Original,Reguler,1,17000,17000,1,
TR-JUL2026-0489,2026-07-04,QRIS,Angel,,Soya Soy Milk Pudding,Soy Milk Pudding,Cup,1,15000,15000,1,
TR-JUL2026-0490,2026-07-04,ShopeeFood,Jeje,,Soya Original,Original,250 ml,1,22000,22000,1,
TR-JUL2026-0491,2026-07-04,ShopeeFood,Jeje,,Soya Royal Belgian,Royal Belgian,Reguler,1,25000,25000,1,
TR-JUL2026-0492,2026-07-04,Transfer,Aden,,Soya Choco Coffee,Choco Coffee,Large,1,32000,32000,1,
TR-JUL2026-0493,2026-07-04,Transfer,Aden,,Soya Royal Belgian,Royal Belgian,Reguler,1,25000,25000,1,
TR-JUL2026-0494,2026-07-04,Transfer,Aden,,Soya Taro Thanos,Taro Thanos,Reguler,1,25000,25000,1,
TR-JUL2026-0495,2026-07-04,QRIS,Mita,,Soya Original,Original,Reguler,1,17000,17000,1,
TR-JUL2026-0496,2026-07-04,GrabFood,Fatimah,,Soya Original,Original,Large,1,21000,21000,1,
TR-JUL2026-0497,2026-07-04,QRIS,Clarissa,,Soya Tahwa Kembang Tahu,Tahwa Kembang Tahu,Cup,1,15000,15000,1,
TR-JUL2026-0498,2026-07-04,QRIS,Clarissa,,Soya Taro Thanos,Taro Thanos,Reguler,1,25000,25000,1,
TR-JUL2026-0499,2026-07-04,QRIS,Clarissa,,Soya Soy Milk Pudding,Soy Milk Pudding,Cup,2,15000,30000,2,
TR-JUL2026-0500,2026-07-04,QRIS,Clarissa,,Soya Royal Belgian,Royal Belgian,Reguler,1,25000,25000,1,
TR-JUL2026-0501,2026-07-04,QRIS,Emy,,Soya Original,Original,Reguler,1,17000,17000,1,
TR-JUL2026-0502,2026-07-06,QRIS,Devina,,Soya Mango Smell Good,Mango Smell Good,Reguler,1,25000,25000,1,
TR-JUL2026-0503,2026-07-06,QRIS,Devina,,Soya Royal Belgian,Royal Belgian,Reguler,1,25000,25000,1,
TR-JUL2026-0504,2026-07-06,Transfer,Monna,,Soya Cappuccino,Cappuccino,500 ml,1,49000,49000,1,
TR-JUL2026-0505,2026-07-06,Transfer,Monna,,Soya Green Tea,Green Tea,500 ml,1,49000,49000,1,
TR-JUL2026-0506,2026-07-06,Tunai,Tia,,Soya Dark Choco,Dark Choco,Large,1,34000,34000,1,
TR-JUL2026-0507,2026-07-06,ShopeeFood,Ifka,,Soya Original,Original,Large,1,21000,21000,1,
TR-JUL2026-0508,2026-07-06,ShopeeFood,Ifka,,Soya Tahwa Kembang Tahu,Tahwa Kembang Tahu,Cup,1,15000,15000,1,
TR-JUL2026-0509,2026-07-06,ShopeeFood,Ifka,,Soya Soy Milk Pudding,Soy Milk Pudding,Cup,1,15000,15000,1,
TR-JUL2026-0510,2026-07-06,QRIS,Salma,,Soya Tahwa Kembang Tahu,Tahwa Kembang Tahu,Cup,1,15000,15000,1,
TR-JUL2026-0511,2026-07-06,QRIS,Salma,,Soya Choco Coffee,Choco Coffee,Large,1,32000,32000,1,
TR-JUL2026-0512,2026-07-06,QRIS,Lala,,Soya Original,Original,500 ml,1,39000,39000,1,
TR-JUL2026-0513,2026-07-06,QRIS,Lala,,Soya Dark Choco,Dark Choco,Reguler,1,29000,29000,1,
TR-JUL2026-0514,2026-07-06,ShopeeFood,Prima,,Soya Tahwa Kembang Tahu,Tahwa Kembang Tahu,Cup,2,15000,30000,2,
TR-JUL2026-0515,2026-07-06,ShopeeFood,Prima,,Soya Soy Milk Pudding,Soy Milk Pudding,Cup,1,15000,15000,1,
TR-JUL2026-0516,2026-07-06,Tunai,Uli,,Soya Mango Smell Good,Mango Smell Good,Reguler,1,25000,25000,1,
TR-JUL2026-0517,2026-07-06,Tunai,Uli,,Soya Coffee Kopi,Coffee Kopi,Reguler,1,21000,21000,1,
TR-JUL2026-0518,2026-07-06,QRIS,Mutiara,,Soya Tahwa Kembang Tahu,Tahwa Kembang Tahu,Cup,1,15000,15000,1,
TR-JUL2026-0519,2026-07-06,QRIS,Mita,,Soya Original,Original,Reguler,2,17000,34000,2,
TR-JUL2026-0520,2026-07-06,QRIS,Vera,,Soya Tahwa Kembang Tahu,Tahwa Kembang Tahu,Cup,1,15000,15000,1,
TR-JUL2026-0521,2026-07-06,QRIS,Vera,,Soya Royal Belgian,Royal Belgian,Reguler,1,25000,25000,1,
TR-JUL2026-0522,2026-07-06,QRIS,Vera,,Soya Soy Milk Pudding,Soy Milk Pudding,Cup,1,15000,15000,1,
TR-JUL2026-0523,2026-07-07,QRIS,Vera,,Soya Mango Smell Good,Mango Smell Good,Reguler,1,25000,25000,1,
TR-JUL2026-0524,2026-07-07,Tunai,Ulfah,,Soya Tahwa Kembang Tahu,Tahwa Kembang Tahu,Cup,1,15000,15000,1,
TR-JUL2026-0525,2026-07-07,Tunai,Ulfah,,Soya Dark Choco,Dark Choco,Reguler,1,29000,29000,1,
TR-JUL2026-0526,2026-07-07,QRIS,Enggar,,Soya Coffee Kopi,Coffee Kopi,Reguler,1,21000,21000,1,
TR-JUL2026-0527,2026-07-07,QRIS,Enggar,,Soya Soy Milk Pudding,Soy Milk Pudding,Cup,1,15000,15000,1,
TR-JUL2026-0528,2026-07-07,QRIS,Nur,,Soya Thai Tea,Thai Tea,Reguler,1,22000,22000,1,
TR-JUL2026-0529,2026-07-07,QRIS,Putri,,Soya Choco Oat,Choco Oat,Reguler,1,27000,27000,1,
TR-JUL2026-0530,2026-07-07,QRIS,Putri,,Soya Original,Original,Reguler,1,17000,17000,1,
TR-JUL2026-0531,2026-07-07,Tunai,Kezia,,Soya Soy Milk Pudding,Soy Milk Pudding,Cup,2,15000,30000,2,
TR-JUL2026-0532,2026-07-07,ShopeeFood,Jeje,,Soya Soy Milk Pudding,Soy Milk Pudding,Cup,1,15000,15000,1,
TR-JUL2026-0533,2026-07-07,ShopeeFood,Jeje,,Soya Dark Choco,Dark Choco,250 ml,1,33000,33000,1,
TR-JUL2026-0534,2026-07-07,ShopeeFood,Sharen,,Soya Choco Maniac,Choco Maniac,Large,1,30000,30000,1,
TR-JUL2026-0535,2026-07-07,QRIS,Huda,,Soya Original,Original,Reguler,1,17000,17000,1,
TR-JUL2026-0536,2026-07-07,GrabFood,Nadya,,Soya Royal Belgian,Royal Belgian,Reguler,1,25000,25000,1,
TR-JUL2026-0537,2026-07-07,QRIS,Annissa,,Soya Original,Original,Large,1,21000,21000,1,
TR-JUL2026-0538,2026-07-07,QRIS,Annissa,,Soya Royal Belgian,Royal Belgian,Large,1,30000,30000,1,
TR-JUL2026-0539,2026-07-07,QRIS,Lambert,,Soya Tahwa Kembang Tahu,Tahwa Kembang Tahu,Cup,2,15000,30000,2,
TR-JUL2026-0540,2026-07-07,QRIS,Lambert,,Soya Original,Original,Hot,1,17000,17000,1,
TR-JUL2026-0541,2026-07-07,Tunai,Rika,,Soya Tiramisu,Tiramisu,Reguler,1,25000,25000,1,
TR-JUL2026-0542,2026-07-07,Tunai,Rika,,Soya Soy Milk Pudding,Soy Milk Pudding,Cup,1,15000,15000,1,
TR-JUL2026-0543,2026-07-07,Tunai,Rika,,Soya Vegan Cookies Peanut,Vegan Cookies Peanut,Pack,1,40000,40000,0,
TR-JUL2026-0544,2026-07-07,GrabFood,Muti,,Soya Royal Belgian,Royal Belgian,Reguler,1,25000,25000,1,
TR-JUL2026-0545,2026-07-07,GrabFood,Andre,,Soya Royal Belgian,Royal Belgian,Reguler,3,25000,75000,3,
TR-JUL2026-0546,2026-07-07,GrabFood,Tiwa,,Soya Taro Thanos,Taro Thanos,Reguler,1,25000,25000,1,
TR-JUL2026-0547,2026-07-08,GrabFood,Tiwa,,Soya Original,Original,1000 ml,1,74000,74000,1,
TR-JUL2026-0548,2026-07-08,ShopeeFood,Rumaisha,,Soya Choco Maniac,Choco Maniac,Reguler,1,25000,25000,1,
TR-JUL2026-0549,2026-07-08,ShopeeFood,Anin,,Soya Original,Original,1000 ml,1,74000,74000,1,
TR-JUL2026-0550,2026-07-08,ShopeeFood,Jennifer,,Soya Original,Original,Reguler,1,17000,17000,1,
TR-JUL2026-0551,2026-07-08,QRIS,Kezia,,Soya Honey Lemon,Honey Lemon,Reguler,1,20000,20000,1,
TR-JUL2026-0552,2026-07-08,QRIS,Kezia,,Soya Green Tea,Green Tea,Hot,1,25000,25000,1,
TR-JUL2026-0553,2026-07-08,QRIS,Amar,,Soya Coffee Kopi,Coffee Kopi,Reguler,1,21000,21000,1,
TR-JUL2026-0554,2026-07-08,QRIS,Amar,,Soya Choco Oat,Choco Oat,Reguler,1,27000,27000,1,
TR-JUL2026-0555,2026-07-08,QRIS,Amar,,Soya Choco Maniac,Choco Maniac,Reguler,1,25000,25000,1,
TR-JUL2026-0556,2026-07-08,QRIS,Amar,,Soya Soy Milk Pudding,Soy Milk Pudding,Cup,1,15000,15000,1,
TR-JUL2026-0557,2026-07-08,Tunai,Langit,,Soya Tahwa Kembang Tahu,Tahwa Kembang Tahu,Cup,2,15000,30000,2,
TR-JUL2026-0558,2026-07-08,Tunai,Langit,,Soya Soy Milk Pudding,Soy Milk Pudding,Cup,2,15000,30000,2,
TR-JUL2026-0559,2026-07-08,Tunai,Langit,,Soya Dark Choco,Dark Choco,Reguler,1,29000,29000,1,
TR-JUL2026-0560,2026-07-08,GrabFood,NN,,Soya Tahwa Kembang Tahu,Tahwa Kembang Tahu,Cup,1,15000,15000,1,
TR-JUL2026-0561,2026-07-08,GrabFood,NN,,Soya Royal Belgian,Royal Belgian,Reguler,1,25000,25000,1,
TR-JUL2026-0562,2026-07-08,Tunai,Happy,,Soya Mango Smell Good,Mango Smell Good,Reguler,1,25000,25000,1,
TR-JUL2026-0563,2026-07-08,Tunai,Happy,,Soya Tahwa Kembang Tahu,Tahwa Kembang Tahu,Cup,1,15000,15000,1,
TR-JUL2026-0564,2026-07-08,GrabFood,Masti,,Soya Royal Belgian,Royal Belgian,Large,1,30000,30000,1,
TR-JUL2026-0565,2026-07-08,Tunai,NN,,Soya Original,Original,500 ml,1,39000,39000,1,
TR-JUL2026-0566,2026-07-09,QRIS,Noval,,Soya Choco Oat,Choco Oat,Reguler,1,27000,27000,1,
TR-JUL2026-0567,2026-07-09,QRIS,Ochi,,Soya Original,Original,Reguler,1,17000,17000,1,
TR-JUL2026-0568,2026-07-09,ShopeeFood,Valentinus,,Soya Tahwa Kembang Tahu,Tahwa Kembang Tahu,Cup,2,15000,30000,2,
TR-JUL2026-0569,2026-07-09,ShopeeFood,Valentinus,,Soya Original,Original,Reguler,1,17000,17000,1,
TR-JUL2026-0570,2026-07-09,GrabFood,Grissel,,Soya Royal Belgian,Royal Belgian,Large,1,30000,30000,1,
TR-JUL2026-0571,2026-07-09,GrabFood,Grissel,,Soya Soy Milk Pudding,Soy Milk Pudding,Cup,1,15000,15000,1,
TR-JUL2026-0572,2026-07-09,ShopeeFood,Tivani,,Soya Original,Original,Reguler,1,17000,17000,1,
TR-JUL2026-0573,2026-07-09,ShopeeFood,Tivani,,Soya Choco Maniac,Choco Maniac,Reguler,1,25000,25000,1,
TR-JUL2026-0574,2026-07-09,ShopeeFood,Tivani,,Soya Royal Belgian,Royal Belgian,Reguler,1,25000,25000,1,
TR-JUL2026-0575,2026-07-09,QRIS,Hainan,,Soya Original,Original,Reguler,2,17000,34000,2,
TR-JUL2026-0576,2026-07-09,ShopeeFood,Jeje,,Soya Royal Belgian,Royal Belgian,1000 ml,1,89000,89000,1,
TR-JUL2026-0577,2026-07-09,QRIS,Donita,,Soya Choco Oat,Choco Oat,Reguler,1,27000,27000,1,
TR-JUL2026-0578,2026-07-09,QRIS,Emy,,Soya Royal Belgian,Royal Belgian,Reguler,1,25000,25000,1,
TR-JUL2026-0579,2026-07-09,ShopeeFood,Miftaksidiq,,Soya Original,Original,1000 ml,1,74000,74000,1,
TR-JUL2026-0580,2026-07-09,ShopeeFood,Anindya,,Soya Royal Belgian,Royal Belgian,Reguler,1,25000,25000,1,
TR-JUL2026-0581,2026-07-10,Tunai,Vita,,Soya Tahwa Kembang Tahu,Tahwa Kembang Tahu,Cup,2,15000,30000,2,
TR-JUL2026-0582,2026-07-10,QRIS,Dea,,Soya Original,Original,250 ml,1,22000,22000,1,
TR-JUL2026-0583,2026-07-10,Tunai,Annisaa,,Soya Original,Original,Large,2,21000,42000,2,
TR-JUL2026-0584,2026-07-10,QRIS,Dinne,,Soya Tahwa Kembang Tahu,Tahwa Kembang Tahu,Cup,3,15000,45000,3,
TR-JUL2026-0585,2026-07-10,QRIS,Dini,,Soya Mango Smell Good,Mango Smell Good,Large,3,30000,90000,3,
TR-JUL2026-0586,2026-07-10,QRIS,Dini,,Soya Soy Milk Pudding,Soy Milk Pudding,Cup,3,15000,45000,3,
TR-JUL2026-0587,2026-07-10,Tunai,Amar,,Soya Coffee Kopi,Coffee Kopi,Reguler,1,21000,21000,1,
TR-JUL2026-0588,2026-07-10,GrabFood,Sekar,,Soya Original,Original,Reguler,1,17000,17000,1,
TR-JUL2026-0589,2026-07-10,GrabFood,Sekar,,Soya Soy Milk Pudding,Soy Milk Pudding,Cup,1,15000,15000,1,
TR-JUL2026-0590,2026-07-10,QRIS,Farel,,Soya Choco Maniac,Choco Maniac,Reguler,1,25000,25000,1,
TR-JUL2026-0591,2026-07-10,QRIS,Bella,,Soya Taro Thanos,Taro Thanos,Reguler,1,25000,25000,1,
TR-JUL2026-0592,2026-07-10,Tunai,Citra,,Soya Original,Original,Reguler,1,17000,17000,1,
TR-JUL2026-0593,2026-07-10,Tunai,Citra,,Soya Choco Maniac,Choco Maniac,Reguler,1,25000,25000,1,
TR-JUL2026-0594,2026-07-10,QRIS,Sabil,,Soya Choco Maniac,Choco Maniac,Reguler,1,25000,25000,1,
TR-JUL2026-0595,2026-07-10,QRIS,Joan,,Soya Original,Original,Hot,1,17000,17000,1,
TR-JUL2026-0596,2026-07-10,QRIS,Davina,,Soya Coffee Kopi,Coffee Kopi,Reguler,1,21000,21000,1,
TR-JUL2026-0597,2026-07-10,QRIS,Via,,Soya Coffee Kopi,Coffee Kopi,Reguler,1,21000,21000,1,
TR-JUL2026-0598,2026-07-10,QRIS,Ncat,,Soya Taro Thanos,Taro Thanos,Large,1,30000,30000,1,
TR-JUL2026-0599,2026-07-11,ShopeeFood,Femi,,Soya Royal Belgian,Royal Belgian,Large,1,30000,30000,1,
TR-JUL2026-0600,2026-07-11,QRIS,Oki,,Soya Mango Smell Good,Mango Smell Good,Reguler,1,25000,25000,1,
TR-JUL2026-0601,2026-07-11,QRIS,Oki,,Soya Tahwa Kembang Tahu,Tahwa Kembang Tahu,Cup,1,15000,15000,1,
TR-JUL2026-0602,2026-07-11,Tunai,Vita,,Soya Original,Original,250 ml,2,22000,44000,2,
TR-JUL2026-0603,2026-07-11,QRIS,Dini,,Soya Choco Maniac,Choco Maniac,Reguler,2,25000,50000,2,
TR-JUL2026-0604,2026-07-11,ShopeeFood,Sharen,,Soya Choco Maniac,Choco Maniac,Reguler,1,25000,25000,1,
TR-JUL2026-0605,2026-07-11,ShopeeFood,Sharen,,Soya Mango Smell Good,Mango Smell Good,Reguler,1,25000,25000,1,
TR-JUL2026-0606,2026-07-11,Tunai,Huan,,Soya Taro Thanos,Taro Thanos,Reguler,1,25000,25000,1,
TR-JUL2026-0607,2026-07-11,Tunai,Aurora,,Soya Tahwa Kembang Tahu,Tahwa Kembang Tahu,Cup,1,15000,15000,1,
TR-JUL2026-0608,2026-07-13,QRIS,Jay,,Soya Mango Smell Good,Mango Smell Good,Large,1,30000,30000,1,
TR-JUL2026-0609,2026-07-13,QRIS,Caca,,Soya Mango Smell Good,Mango Smell Good,Large,1,30000,30000,1,
TR-JUL2026-0610,2026-07-13,QRIS,Alfian,,Soya Mango Smell Good,Mango Smell Good,500 ml,1,49000,49000,1,
TR-JUL2026-0611,2026-07-13,QRIS,Nata,,Soya Original,Original,Reguler,1,17000,17000,1,
TR-JUL2026-0612,2026-07-13,QRIS,Nata,,Soya Tahwa Kembang Tahu,Tahwa Kembang Tahu,Cup,1,15000,15000,1,
TR-JUL2026-0613,2026-07-13,QRIS,Dio,,Soya Royal Belgian,Royal Belgian,Reguler,1,25000,25000,1,
TR-JUL2026-0614,2026-07-13,QRIS,Dio,,Soya Mango Monggo,Mango Monggo,Large,1,25000,25000,1,
TR-JUL2026-0615,2026-07-13,QRIS,Dio,,Soya Soy Milk Pudding,Soy Milk Pudding,Cup,1,15000,15000,1,
TR-JUL2026-0616,2026-07-13,ShopeeFood,Achmad,,Soya Tahwa Kembang Tahu,Tahwa Kembang Tahu,Cup,1,15000,15000,1,
TR-JUL2026-0617,2026-07-13,ShopeeFood,Achmad,,Soya Vegan Cookies Peanut,Vegan Cookies Peanut,Pack,1,40000,40000,0,
TR-JUL2026-0618,2026-07-14,QRIS,Anggit,,Soya Choco Coffee,Choco Coffee,Reguler,1,27000,27000,1,
TR-JUL2026-0619,2026-07-14,QRIS,Nadia,,Soya Royal Belgian,Royal Belgian,Large,2,30000,60000,2,
TR-JUL2026-0620,2026-07-14,QRIS,Nadia,,Soya Mango Smell Good,Mango Smell Good,Reguler,1,25000,25000,1,
TR-JUL2026-0621,2026-07-14,QRIS,Mita,,Soya Original,Original,Reguler,1,17000,17000,1,
TR-JUL2026-0622,2026-07-14,GrabFood,Retno,,Soya Green Tea,Green Tea,Reguler,1,25000,25000,1,
TR-JUL2026-0623,2026-07-14,GrabFood,Retno,,Soya Original,Original,Reguler,1,17000,17000,1,
TR-JUL2026-0624,2026-07-14,QRIS,Fira,,Soya Original,Original,Large,1,21000,21000,1,
TR-JUL2026-0625,2026-07-14,QRIS,Fira,,Soya Coffee Kopi,Coffee Kopi,Large,1,26000,26000,1,
TR-JUL2026-0626,2026-07-14,Tunai,Femi,,Soya Original,Original,Large,1,21000,21000,1,
TR-JUL2026-0627,2026-07-14,QRIS,Sharen,,Soya Green Tea,Green Tea,Large,1,30000,30000,1,
TR-JUL2026-0628,2026-07-14,QRIS,Sharen,,Soya Mango Smell Good,Mango Smell Good,Reguler,1,25000,25000,1,
TR-JUL2026-0629,2026-07-14,QRIS,Sharen,,Soya Original,Original,Reguler,1,17000,17000,1,
TR-JUL2026-0630,2026-07-14,QRIS,Sharen,,Soya Choco Maniac,Choco Maniac,Reguler,2,25000,50000,2,
TR-JUL2026-0631,2026-07-14,QRIS,Sharen,,Soya Taro Thanos,Taro Thanos,Reguler,1,25000,25000,1,
TR-JUL2026-0632,2026-07-14,QRIS,Sharen,,Soya Soy Milk Pudding,Soy Milk Pudding,Cup,3,15000,45000,3,
TR-JUL2026-0633,2026-07-14,ShopeeFood,Jeje,,Soya Taro Thanos,Taro Thanos,Large,1,30000,30000,1,
TR-JUL2026-0634,2026-07-14,GrabFood,Chelsea,,Soya Original,Original,1000 ml,1,74000,74000,1,
TR-JUL2026-0635,2026-07-14,GrabFood,Chelsea,,Soya Royal Belgian,Royal Belgian,1000 ml,1,89000,89000,1,
TR-JUL2026-0636,2026-07-14,QRIS,Ncat,,Soya Taro Thanos,Taro Thanos,Large,1,30000,30000,1,
TR-JUL2026-0637,2026-07-14,QRIS,Ncat,,Soya Green Tea,Green Tea,Large,1,30000,30000,1,
TR-JUL2026-0638,2026-07-14,QRIS,Jovita,,Soya Soy Milk Pudding,Soy Milk Pudding,Cup,1,15000,15000,1,
TR-JUL2026-0639,2026-07-14,GrabFood,Novrida,,Soya Mango Smell Good,Mango Smell Good,Reguler,1,25000,25000,1,
TR-JUL2026-0640,2026-07-15,GrabFood,Novrida,,Soya Royal Belgian,Royal Belgian,Reguler,2,25000,50000,2,
TR-JUL2026-0641,2026-07-15,QRIS,Lala,,Soya Tahwa Kembang Tahu,Tahwa Kembang Tahu,Cup,2,15000,30000,2,
TR-JUL2026-0642,2026-07-15,QRIS,Lala,,Soya Original,Original,500 ml,2,39000,78000,2,
TR-JUL2026-0643,2026-07-15,GoFood,Bayu,,Soya Original,Original,250 ml,1,22000,22000,1,
TR-JUL2026-0644,2026-07-15,QRIS,Krisma,,Soya Original,Original,1000 ml,1,74000,74000,1,
TR-JUL2026-0645,2026-07-15,QRIS,Ida,,Soya Tahwa Kembang Tahu,Tahwa Kembang Tahu,Cup,2,15000,30000,2,
TR-JUL2026-0646,2026-07-15,ShopeeFood,Nendra,,Soya Original,Original,Large,2,21000,42000,2,
TR-JUL2026-0647,2026-07-15,ShopeeFood,Nendra,,Soya Tahwa Kembang Tahu,Tahwa Kembang Tahu,Cup,3,15000,45000,3,
TR-JUL2026-0648,2026-07-15,ShopeeFood,Nendra,,Soya Soy Milk Pudding,Soy Milk Pudding,Cup,2,15000,30000,2,
TR-JUL2026-0649,2026-07-15,ShopeeFood,Nendra,,Soya Honey Lemon,Honey Lemon,Large,1,25000,25000,1,
TR-JUL2026-0650,2026-07-15,ShopeeFood,Nendra,,Soya Original,Original,1000 ml,1,74000,74000,1,
TR-JUL2026-0651,2026-07-15,GrabFood,Nia,,Soya Choco Maniac,Choco Maniac,Reguler,1,25000,25000,1,
TR-JUL2026-0652,2026-07-15,GrabFood,Nia,,Soya Tahwa Kembang Tahu,Tahwa Kembang Tahu,Cup,2,15000,30000,2,
TR-JUL2026-0653,2026-07-15,GrabFood,Nia,,Soya Royal Belgian,Royal Belgian,Large,1,30000,30000,1,
TR-JUL2026-0654,2026-07-15,Tunai,Oktania,,Soya Choco Maniac,Choco Maniac,250 ml,1,27000,27000,1,
TR-JUL2026-0655,2026-07-15,Tunai,Amar,,Soya Royal Belgian,Royal Belgian,Large,1,30000,30000,1,
TR-JUL2026-0656,2026-07-15,QRIS,Adrian,,Soya Choco Maniac,Choco Maniac,Large,1,30000,30000,1,
TR-JUL2026-0657,2026-07-15,Tunai,Jay,,Soya Royal Belgian,Royal Belgian,Large,1,30000,30000,1,
TR-JUL2026-0658,2026-07-15,Tunai,Jay,,Soya Mango Smell Good,Mango Smell Good,Large,1,30000,30000,1,
TR-JUL2026-0659,2026-07-15,QRIS,Adrian,,Soya Mango Smell Good,Mango Smell Good,Large,1,30000,30000,1,
TR-JUL2026-0660,2026-07-15,Tunai,Abi,,Soya Soy Milk Pudding,Soy Milk Pudding,Cup,1,15000,15000,1,
TR-JUL2026-0661,2026-07-15,ShopeeFood,Sharen,,Soya Redvelvet,Redvelvet,Large,1,30000,30000,1,
TR-JUL2026-0662,2026-07-16,ShopeeFood,Ika,,Soya Tahwa Kembang Tahu,Tahwa Kembang Tahu,Cup,4,15000,60000,4,
TR-JUL2026-0663,2026-07-16,Tunai,Nana,,Soya Green Tea,Green Tea,Reguler,1,25000,25000,1,
TR-JUL2026-0664,2026-07-16,QRIS,Kezia,,Soya Green Tea,Green Tea,Reguler,1,25000,25000,1,
TR-JUL2026-0665,2026-07-16,QRIS,Nadia,,Soya Original,Original,Large,1,21000,21000,1,
TR-JUL2026-0666,2026-07-16,QRIS,Nadia,,Soya Tahwa Kembang Tahu,Tahwa Kembang Tahu,Cup,1,15000,15000,1,
TR-JUL2026-0667,2026-07-16,QRIS,Nadia,,Soya Soy Milk Pudding,Soy Milk Pudding,Cup,1,15000,15000,1,
TR-JUL2026-0668,2026-07-16,QRIS,Nadia,,Soya Choco Coffee,Choco Coffee,250 ml,1,30000,30000,1,
TR-JUL2026-0669,2026-07-16,QRIS,Lukman,,Soya Redvelvet,Redvelvet,Reguler,1,25000,25000,1,
TR-JUL2026-0670,2026-07-16,ShopeeFood,Puji,,Soya Soy Milk Pudding,Soy Milk Pudding,Cup,1,15000,15000,1,
TR-JUL2026-0671,2026-07-16,ShopeeFood,Puji,,Soya Mango Smell Good,Mango Smell Good,Reguler,1,25000,25000,1,
TR-JUL2026-0672,2026-07-16,QRIS,Tata,,Soya Tahwa Kembang Tahu,Tahwa Kembang Tahu,Cup,2,15000,30000,2,
TR-JUL2026-0673,2026-07-16,GrabFood,Tiwa,,Soya Original,Original,1000 ml,1,74000,74000,1,
TR-JUL2026-0674,2026-07-16,Tunai,Resta,,Soya Original,Original,Reguler,2,17000,34000,2,
TR-JUL2026-0675,2026-07-16,Tunai,Anet,,Soya Tahwa Kembang Tahu,Tahwa Kembang Tahu,Cup,1,15000,15000,1,
TR-JUL2026-0676,2026-07-16,Tunai,Anet,,Soya Royal Belgian,Royal Belgian,Reguler,1,25000,25000,1,
TR-JUL2026-0677,2026-07-16,GrabFood,Ardina,,Soya Coffee Kopi,Coffee Kopi,Large,1,26000,26000,1,
TR-JUL2026-0678,2026-07-16,GrabFood,Ardina,,Soya Royal Belgian,Royal Belgian,Large,1,30000,30000,1,
TR-JUL2026-0679,2026-07-16,GrabFood,Ardina,,Soya Vegan Cookies Peanut,Vegan Cookies Peanut,Pack,1,40000,40000,0,
TR-JUL2026-0680,2026-07-16,GrabFood,Ardina,,Soya Soy Milk Pudding,Soy Milk Pudding,Cup,1,15000,15000,1,
TR-JUL2026-0681,2026-07-16,QRIS,Elisabeth,,Soya Tahwa Kembang Tahu,Tahwa Kembang Tahu,Cup,1,15000,15000,1,
TR-JUL2026-0682,2026-07-16,QRIS,Elisabeth,,Soya Soy Milk Pudding,Soy Milk Pudding,Cup,2,15000,30000,2,
TR-JUL2026-0683,2026-07-16,ShopeeFood,Avni,,Soya Royal Belgian,Royal Belgian,1000 ml,1,89000,89000,1,
TR-JUL2026-0684,2026-07-16,GrabFood,Desinta,,Soya Honey Lemon,Honey Lemon,Reguler,1,20000,20000,1,
TR-JUL2026-0685,2026-07-16,GrabFood,Desinta,,Soya Royal Belgian,Royal Belgian,Reguler,1,25000,25000,1,
TR-JUL2026-0686,2026-07-17,QRIS,Sisil,,Soya Green Tea,Green Tea,250 ml,1,27000,27000,1,
TR-JUL2026-0687,2026-07-17,QRIS,Adrian,,Soya Tahwa Kembang Tahu,Tahwa Kembang Tahu,Cup,1,15000,15000,1,
TR-JUL2026-0688,2026-07-17,Tunai,Wanti,,Soya Tahwa Kembang Tahu,Tahwa Kembang Tahu,Cup,1,15000,15000,1,
TR-JUL2026-0689,2026-07-17,QRIS,Anzila,,Soya Mango Smell Good,Mango Smell Good,250 ml,1,27000,27000,1,
TR-JUL2026-0690,2026-07-17,QRIS,Anzila,,Soya Choco Maniac,Choco Maniac,Reguler,1,25000,25000,1,
TR-JUL2026-0691,2026-07-17,QRIS,Anzila,,Soya Royal Belgian,Royal Belgian,250 ml,1,27000,27000,1,
TR-JUL2026-0692,2026-07-17,ShopeeFood,Yolanda,,Soya Tahwa Kembang Tahu,Tahwa Kembang Tahu,Cup,1,15000,15000,1,
TR-JUL2026-0693,2026-07-17,ShopeeFood,Rohmat,,Soya Original,Original,Large,1,21000,21000,1,
TR-JUL2026-0694,2026-07-17,ShopeeFood,Rohmat,,Soya Dark Choco,Dark Choco,Large,1,34000,34000,1,
TR-JUL2026-0695,2026-07-17,ShopeeFood,Arum,,Soya Soy Milk Pudding,Soy Milk Pudding,Cup,2,15000,30000,2,
TR-JUL2026-0696,2026-07-18,ShopeeFood,Arum,,Soya Royal Belgian,Royal Belgian,Large,1,30000,30000,1,
TR-JUL2026-0697,2026-07-18,Tunai,Anggi,,Soya Original,Original,Reguler,1,17000,17000,1,
TR-JUL2026-0698,2026-07-18,Tunai,Vidya,,Soya Choco Maniac,Choco Maniac,Reguler,1,25000,25000,1,
TR-JUL2026-0699,2026-07-18,QRIS,Khurotul,,Soya Original,Original,250 ml,1,22000,22000,1,
TR-JUL2026-0700,2026-07-18,GrabFood,Nadya,,Soya Thai Tea,Thai Tea,Reguler,1,22000,22000,1,
TR-JUL2026-0701,2026-07-18,GrabFood,Nadya,,Soya Coffee Kopi,Coffee Kopi,Reguler,1,21000,21000,1,
TR-JUL2026-0702,2026-07-18,GrabFood,Nadya,,Soya Royal Belgian,Royal Belgian,Reguler,2,25000,50000,2,
TR-JUL2026-0703,2026-07-18,QRIS,Anggun,,Soya Choco Maniac,Choco Maniac,Reguler,1,25000,25000,1,
TR-JUL2026-0704,2026-07-18,Tunai,Igna,,Soya Original,Original,Reguler,1,17000,17000,1,
TR-JUL2026-0705,2026-07-18,ShopeeFood,Cyntya,,Soya Original,Original,Large,1,21000,21000,1,
TR-JUL2026-0706,2026-07-18,ShopeeFood,Cyntya,,Soya Soy Milk Pudding,Soy Milk Pudding,Cup,1,15000,15000,1,
TR-JUL2026-0707,2026-07-18,QRIS,Bintang,,Soya Royal Belgian,Royal Belgian,Large,1,30000,30000,1,
TR-JUL2026-0708,2026-07-18,QRIS,Satya,,Soya Thai Tea,Thai Tea,Reguler,1,22000,22000,1,
TR-JUL2026-0709,2026-07-18,QRIS,Satya,,Soya Soy Milk Pudding,Soy Milk Pudding,Cup,1,15000,15000,1,
TR-JUL2026-0710,2026-07-18,ShopeeFood,Haro,,Soya Tahwa Kembang Tahu,Tahwa Kembang Tahu,Cup,1,15000,15000,1,
TR-JUL2026-0711,2026-07-18,ShopeeFood,Haro,,Soya Original,Original,Reguler,1,17000,17000,1,
TR-JUL2026-0712,2026-07-18,ShopeeFood,Haro,,Soya Dark Choco,Dark Choco,Reguler,1,29000,29000,1,
TR-JUL2026-0713,2026-07-18,GrabFood,Nasha,,Soya Tahwa Kembang Tahu,Tahwa Kembang Tahu,Cup,1,15000,15000,1,
TR-JUL2026-0714,2026-07-18,QRIS,Adrian,,Soya Soy Milk Pudding,Soy Milk Pudding,Cup,1,15000,15000,1,
TR-JUL2026-0715,2026-07-18,ShopeeFood,Icul,,Soya Choco Maniac,Choco Maniac,Reguler,1,25000,25000,1,
TR-JUL2026-0716,2026-07-20,ShopeeFood,Icul,,Soya Choco Oat,Choco Oat,Reguler,1,27000,27000,1,
TR-JUL2026-0717,2026-07-20,GrabFood,Jeje,,Soya Royal Belgian,Royal Belgian,1000 ml,1,89000,89000,1,
TR-JUL2026-0718,2026-07-20,ShopeeFood,Arum,,Soya Choco Oat,Choco Oat,Large,1,32000,32000,1,
TR-JUL2026-0719,2026-07-20,ShopeeFood,Arum,,Soya Tahwa Kembang Tahu,Tahwa Kembang Tahu,Cup,1,15000,15000,1,
TR-JUL2026-0720,2026-07-20,ShopeeFood,Arum,,Soya Mango Smell Good,Mango Smell Good,Reguler,1,25000,25000,1,
TR-JUL2026-0721,2026-07-20,ShopeeFood,Arumi,,Soya Original,Original,Reguler,2,17000,34000,2,
TR-JUL2026-0722,2026-07-20,GrabFood,Nia,,Soya Tahwa Kembang Tahu,Tahwa Kembang Tahu,Cup,1,15000,15000,1,
TR-JUL2026-0723,2026-07-20,GrabFood,Nia,,Soya Royal Belgian,Royal Belgian,Large,1,30000,30000,1,
TR-JUL2026-0724,2026-07-20,Tunai,Ica,,Soya Mango Smell Good,Mango Smell Good,Large,1,30000,30000,1,
TR-JUL2026-0725,2026-07-20,Tunai,Ica,,Soya Royal Belgian,Royal Belgian,Large,1,30000,30000,1,
TR-JUL2026-0726,2026-07-20,Tunai,Ica,,Soya Tahwa Kembang Tahu,Tahwa Kembang Tahu,Cup,1,15000,15000,1,
TR-JUL2026-0727,2026-07-20,ShopeeFood,Zoraya,,Soya Choco Maniac,Choco Maniac,250 ml,1,27000,27000,1,
TR-JUL2026-0728,2026-07-20,ShopeeFood,Zoraya,,Soya Green Tea,Green Tea,Large,1,30000,30000,1,
TR-JUL2026-0729,2026-07-21,Tunai,Anggi,,Soya Original,Original,Reguler,1,17000,17000,1,
TR-JUL2026-0730,2026-07-21,ShopeeFood,Haro,,Soya Dark Choco,Dark Choco,Reguler,1,29000,29000,1,
TR-JUL2026-0731,2026-07-21,ShopeeFood,Haro,,Soya Cappuccino,Cappuccino,Reguler,1,25000,25000,1,
TR-JUL2026-0732,2026-07-21,Tunai,Maaruf,,Soya Mango Smell Good,Mango Smell Good,Reguler,1,25000,25000,1,
TR-JUL2026-0733,2026-07-21,QRIS,Zefa,,Soya Mango Smell Good,Mango Smell Good,Reguler,1,25000,25000,1,
TR-JUL2026-0734,2026-07-21,ShopeeFood,Sharen,,Soya Taro Thanos,Taro Thanos,Large,1,30000,30000,1,
TR-JUL2026-0735,2026-07-22,ShopeeFood,Roro,,Soya Dark Choco,Dark Choco,Large,1,34000,34000,1,
TR-JUL2026-0736,2026-07-22,GrabFood,Nia,,Soya Green Tea,Green Tea,Reguler,1,25000,25000,1,
TR-JUL2026-0737,2026-07-22,GrabFood,Nia,,Soya Tahwa Kembang Tahu,Tahwa Kembang Tahu,Cup,2,15000,30000,2,
TR-JUL2026-0738,2026-07-22,GrabFood,Nia,,Soya Royal Belgian,Royal Belgian,500 ml,1,49000,49000,1,
TR-JUL2026-0739,2026-07-22,ShopeeFood,Argnnva19,,Soya Taro Thanos,Taro Thanos,1000 ml,1,89000,89000,1,
TR-JUL2026-0740,2026-07-22,ShopeeFood,Jehan,,Soya Original,Original,1000 ml,1,74000,74000,1,
TR-JUL2026-0741,2026-07-22,ShopeeFood,Jehan,,Soya Tahwa Kembang Tahu,Tahwa Kembang Tahu,Cup,1,15000,15000,1,
TR-JUL2026-0742,2026-07-22,Transfer,Aii,,Soya Original,Original,500 ml,1,39000,39000,1,
TR-JUL2026-0743,2026-07-23,Tunai,Ita,,Soya Royal Belgian,Royal Belgian,Reguler,1,25000,25000,1,
TR-JUL2026-0744,2026-07-23,Tunai,Ning,,Soya Choco Oat,Choco Oat,250 ml,1,30000,30000,1,
TR-JUL2026-0745,2026-07-23,QRIS,Sinta,,Soya Dark Choco,Dark Choco,250 ml,1,33000,33000,1,
TR-JUL2026-0746,2026-07-23,QRIS,Sinta,,Soya Tahwa Kembang Tahu,Tahwa Kembang Tahu,Cup,1,15000,15000,1,
TR-JUL2026-0747,2026-07-23,Transfer,Nositaria,,Soya Original,Original,250 ml,2,22000,44000,2,
TR-JUL2026-0748,2026-07-23,Transfer,Nositaria,,Soya Royal Belgian,Royal Belgian,250 ml,2,27000,54000,2,
TR-JUL2026-0749,2026-07-23,Transfer,Nositaria,,Soya Dark Choco,Dark Choco,250 ml,2,33000,66000,2,
TR-JUL2026-0750,2026-07-23,Transfer,Nositaria,,Soya Green Tea,Green Tea,250 ml,2,27000,54000,2,
TR-JUL2026-0751,2026-07-23,Transfer,Nositaria,,Soya Mango Smell Good,Mango Smell Good,250 ml,1,27000,27000,1,
TR-JUL2026-0752,2026-07-23,Transfer,Nositaria,,Soya Honey Lemon,Honey Lemon,250 ml,1,23000,23000,1,
TR-JUL2026-0753,2026-07-23,ShopeeFood,Dessy,,Soya Original,Original,Large,1,21000,21000,1,
TR-JUL2026-0754,2026-07-23,GrabFood,Nia,,Soya Choco Oat,Choco Oat,Large,1,32000,32000,1,
TR-JUL2026-0755,2026-07-23,GrabFood,Nia,,Soya Royal Belgian,Royal Belgian,Large,1,30000,30000,1,
TR-JUL2026-0756,2026-07-23,ShopeeFood,Rohmat,,Soya Original,Original,250 ml,1,22000,22000,1,
TR-JUL2026-0757,2026-07-23,ShopeeFood,Rohmat,,Soya Royal Belgian,Royal Belgian,250 ml,1,27000,27000,1,
TR-JUL2026-0758,2026-07-23,GrabFood,Kakak,,Soya Thai Tea,Thai Tea,Large,1,27000,27000,1,
TR-JUL2026-0759,2026-07-23,GrabFood,Kakak,,Soya Green Tea,Green Tea,Large,1,30000,30000,1,
TR-JUL2026-0760,2026-07-23,GrabFood,Kakak,,Soya Original,Original,Large,1,21000,21000,1,
TR-JUL2026-0761,2026-07-23,GrabFood,Kakak,,Soya Tahwa Kembang Tahu,Tahwa Kembang Tahu,Cup,1,15000,15000,1,
TR-JUL2026-0762,2026-07-23,QRIS,Daffa,,Soya Tahwa Kembang Tahu,Tahwa Kembang Tahu,Cup,1,15000,15000,1,
TR-JUL2026-0763,2026-07-23,QRIS,Daffa,,Soya Original,Original,Reguler,1,17000,17000,1,
TR-JUL2026-0764,2026-07-23,QRIS,Ziya,,Soya Tahwa Kembang Tahu,Tahwa Kembang Tahu,Cup,3,15000,45000,3,
TR-JUL2026-0765,2026-07-23,QRIS,Faizal,,Soya Original,Original,Reguler,1,17000,17000,1,
TR-JUL2026-0766,2026-07-24,QRIS,Faizal,,Soya Choco Maniac,Choco Maniac,Reguler,1,25000,25000,1,
TR-JUL2026-0767,2026-07-24,QRIS,Bela,,Soya Royal Belgian,Royal Belgian,Reguler,1,25000,25000,1,
TR-JUL2026-0768,2026-07-24,Tunai,Ade,,Soya Royal Belgian,Royal Belgian,Large,1,30000,30000,1,
TR-JUL2026-0769,2026-07-24,Tunai,.,,Soya Original,Original,Reguler,1,17000,17000,1,
TR-JUL2026-0770,2026-07-24,QRIS,Dini,,Soya Mango Smell Good,Mango Smell Good,Reguler,6,25000,150000,6,
TR-JUL2026-0771,2026-07-24,QRIS,Dini,,Soya Mango Smell Good,Mango Smell Good,Reguler,2,25000,50000,2,
TR-JUL2026-0772,2026-07-24,GrabFood,Saraswati,,Soya Original,Original,Reguler,1,17000,17000,1,
TR-JUL2026-0773,2026-07-24,GrabFood,Saraswati,,Soya Tahwa Kembang Tahu,Tahwa Kembang Tahu,Cup,1,15000,15000,1,
TR-JUL2026-0774,2026-07-24,ShopeeFood,Bu,,Soya Thai Tea,Thai Tea,250 ml,1,26000,26000,1,
TR-JUL2026-0775,2026-07-24,ShopeeFood,Bu,,Soya Green Tea,Green Tea,250 ml,1,27000,27000,1,
TR-JUL2026-0776,2026-07-24,ShopeeFood,Jeje,,Soya Royal Belgian,Royal Belgian,1000 ml,1,89000,89000,1,
TR-JUL2026-0777,2026-07-24,ShopeeFood,Sharen,,Soya Taro Thanos,Taro Thanos,Large,1,30000,30000,1,
TR-JUL2026-0778,2026-07-24,ShopeeFood,Sharen,,Soya Choco Maniac,Choco Maniac,Large,1,30000,30000,1,
TR-JUL2026-0779,2026-07-24,GrabFood,Nia,,Soya Dark Choco,Dark Choco,Large,1,34000,34000,1,
TR-JUL2026-0780,2026-07-24,GrabFood,Nia,,Soya Royal Belgian,Royal Belgian,Large,1,30000,30000,1,
TR-JUL2026-0781,2026-07-24,QRIS,Alba,,Soya Choco Oat,Choco Oat,Large,1,32000,32000,1,
TR-JUL2026-0782,2026-07-24,QRIS,Alba,,Soya Original,Original,Reguler,1,17000,17000,1,
TR-JUL2026-0783,2026-07-24,QRIS,Olin,,Soya Tahwa Kembang Tahu,Tahwa Kembang Tahu,Cup,1,15000,15000,1,
TR-JUL2026-0784,2026-07-24,QRIS,Olin,,Soya Soy Milk Pudding,Soy Milk Pudding,Cup,1,15000,15000,1,
TR-JUL2026-0785,2026-07-24,QRIS,Putri,,Soya Mango Smell Good,Mango Smell Good,Reguler,1,25000,25000,1,
TR-JUL2026-0786,2026-07-24,QRIS,Putri,,Soya Coffee Kopi,Coffee Kopi,Reguler,1,21000,21000,1,
TR-JUL2026-0787,2026-07-25,ShopeeFood,Miftaksidiq,,Soya Green Tea,Green Tea,Large,1,30000,30000,1,
TR-JUL2026-0788,2026-07-25,Tunai,Vidya,,Soya Original,Original,Reguler,1,17000,17000,1,
TR-JUL2026-0789,2026-07-25,QRIS,Anggi,,Soya Original,Original,Reguler,1,17000,17000,1,
TR-JUL2026-0790,2026-07-25,Tunai,Anggun,,Soya Original,Original,Reguler,1,17000,17000,1,
TR-JUL2026-0791,2026-07-25,ShopeeFood,Sharen,,Soya Taro Thanos,Taro Thanos,Large,1,30000,30000,1,
TR-JUL2026-0792,2026-07-25,ShopeeFood,Sharen,,Soya Choco Maniac,Choco Maniac,Large,1,30000,30000,1,
TR-JUL2026-0793,2026-07-25,QRIS,Cio,,Soya Original,Original,500 ml,1,39000,39000,1,
TR-JUL2026-0794,2026-07-25,QRIS,Cio,,Soya Original,Original,Reguler,1,17000,17000,1,
TR-JUL2026-0795,2026-07-25,ShopeeFood,Titan,,Soya Original,Original,1000 ml,1,74000,74000,1,
TR-JUL2026-0796,2026-07-25,ShopeeFood,Titan,,Soya Soy Milk Pudding,Soy Milk Pudding,Cup,1,15000,15000,1,
TR-JUL2026-0797,2026-07-25,ShopeeFood,Haro,,Soya Dark Choco,Dark Choco,Reguler,1,29000,29000,1,
TR-JUL2026-0798,2026-07-25,ShopeeFood,Haro,,Soya Tahwa Kembang Tahu,Tahwa Kembang Tahu,Cup,1,15000,15000,1,
TR-JUL2026-0799,2026-07-25,QRIS,Tyas,,Soya Choco Oat,Choco Oat,500 ml,1,55000,55000,1,
TR-JUL2026-0800,2026-07-25,GrabFood,Tiwa,,Soya Original,Original,1000 ml,1,74000,74000,1,
TR-JUL2026-0801,2026-07-25,GrabFood,Tiwa,,Soya Choco Coffee,Choco Coffee,250 ml,1,30000,30000,1,
TR-JUL2026-0802,2026-07-25,QRIS,Aka,,Soya Mango Smell Good,Mango Smell Good,Reguler,1,25000,25000,1,
TR-JUL2026-0803,2026-07-25,QRIS,Aka,,Soya Tahwa Kembang Tahu,Tahwa Kembang Tahu,Cup,1,15000,15000,1,
TR-JUL2026-0804,2026-07-25,Tunai,Noval,,Soya Dark Choco,Dark Choco,Reguler,1,29000,29000,1,
TR-JUL2026-0805,2026-07-25,GrabFood,Nia,,Soya Redvelvet,Redvelvet,Large,1,30000,30000,1,
TR-JUL2026-0806,2026-07-25,GrabFood,Nia,,Soya Royal Belgian,Royal Belgian,Large,1,30000,30000,1,
TR-JUL2026-0807,2026-07-25,Tunai,Tia,,Soya Royal Belgian,Royal Belgian,Large,1,30000,30000,1,
TR-JUL2026-0808,2026-07-25,QRIS,Lala,,Soya Original,Original,Large,2,21000,42000,2,
TR-JUL2026-0809,2026-07-25,QRIS,Lala,,Soya Honey Lemon,Honey Lemon,Large,1,25000,25000,1,
TR-JUL2026-0810,2026-07-25,QRIS,Lala,,Soya Original,Original,500 ml,2,39000,78000,2,
TR-JUL2026-0811,2026-07-27,QRIS,Ika,,Soya Original,Original,Large,1,21000,21000,1,
TR-JUL2026-0812,2026-07-27,QRIS,Ika,,Soya Original,Original,Reguler,1,17000,17000,1,
TR-JUL2026-0813,2026-07-27,QRIS,Ika,,Soya Tahwa Kembang Tahu,Tahwa Kembang Tahu,Cup,1,15000,15000,1,
TR-JUL2026-0814,2026-07-27,GrabFood,Indah,,Soya Royal Belgian,Royal Belgian,Large,1,30000,30000,1,
TR-JUL2026-0815,2026-07-27,ShopeeFood,Jean,,Soya Tahwa Kembang Tahu,Tahwa Kembang Tahu,Cup,1,15000,15000,1,
TR-JUL2026-0816,2026-07-27,QRIS,Ifat,,Soya Tahwa Kembang Tahu,Tahwa Kembang Tahu,Cup,5,15000,75000,5,
TR-JUL2026-0817,2026-07-27,QRIS,Ifat,,Soya Dark Choco,Dark Choco,Reguler,1,29000,29000,1,
TR-JUL2026-0818,2026-07-28,QRIS,Kakak,,Soya Royal Belgian,Royal Belgian,Reguler,1,25000,25000,1,
TR-JUL2026-0819,2026-07-28,ShopeeFood,Arin,,Soya Tahwa Kembang Tahu,Tahwa Kembang Tahu,Cup,2,15000,30000,2,
TR-JUL2026-0820,2026-07-28,ShopeeFood,Arin,,Soya Choco Maniac,Choco Maniac,250 ml,1,27000,27000,1,
TR-JUL2026-0821,2026-07-28,QRIS,Ajeng,,Soya Original,Original,Hot,1,17000,17000,1,
TR-JUL2026-0822,2026-07-28,QRIS,Ajeng,,Soya Choco Maniac,Choco Maniac,Reguler,2,25000,50000,2,
TR-JUL2026-0823,2026-07-28,QRIS,Ajeng,,Soya Soy Milk Pudding,Soy Milk Pudding,Cup,1,15000,15000,1,
TR-JUL2026-0824,2026-07-28,Tunai,Aisyah,,Soya Mango Monggo,Mango Monggo,Large,1,25000,25000,1,
TR-JUL2026-0825,2026-07-28,GrabFood,Retno,,Soya Original,Original,Reguler,3,17000,51000,3,
TR-JUL2026-0826,2026-07-28,QRIS,Nina,,Soya Original,Original,Reguler,1,17000,17000,1,
TR-JUL2026-0827,2026-07-28,QRIS,Nina,,Soya Coffee Kopi,Coffee Kopi,250 ml,1,24000,24000,1,
TR-JUL2026-0828,2026-07-28,QRIS,Nina,,Soya Tahwa Kembang Tahu,Tahwa Kembang Tahu,Cup,1,15000,15000,1,
TR-JUL2026-0829,2026-07-28,Tunai,Alif,,Soya Taro Thanos,Taro Thanos,Large,1,30000,30000,1,
TR-JUL2026-0830,2026-07-29,GrabFood,Sani,,Soya Royal Belgian,Royal Belgian,Large,1,30000,30000,1,
TR-JUL2026-0831,2026-07-29,QRIS,Alvina,,Soya Tahwa Kembang Tahu,Tahwa Kembang Tahu,Cup,3,15000,45000,3,
TR-JUL2026-0832,2026-07-29,QRIS,Alvina,,Soya Original,Original,Hot,3,17000,51000,3,
TR-JUL2026-0833,2026-07-29,QRIS,Bella,,Soya Original,Original,Reguler,1,17000,17000,1,
TR-JUL2026-0834,2026-07-29,QRIS,Gina,,Soya Royal Belgian,Royal Belgian,250 ml,1,27000,27000,1,
TR-JUL2026-0835,2026-07-29,Tunai,Fani,,Soya Choco Maniac,Choco Maniac,Reguler,1,25000,25000,1,
TR-JUL2026-0836,2026-07-29,Tunai,Fani,,Soya Coffee Kopi,Coffee Kopi,Reguler,1,21000,21000,1,
TR-JUL2026-0837,2026-07-29,QRIS,Ibra,,Soya Soy Milk Pudding,Soy Milk Pudding,Cup,1,15000,15000,1,
TR-JUL2026-0838,2026-07-29,QRIS,Ibra,,Soya Choco Maniac,Choco Maniac,Reguler,1,25000,25000,1,
TR-JUL2026-0839,2026-07-29,QRIS,Ibra,,Soya Original,Original,1000 ml,1,74000,74000,1,
TR-JUL2026-0840,2026-07-29,GrabFood,Nia,,Soya Tahwa Kembang Tahu,Tahwa Kembang Tahu,Cup,3,15000,45000,3,
TR-JUL2026-0841,2026-07-29,GrabFood,Nia,,Soya Royal Belgian,Royal Belgian,Large,1,30000,30000,1,
TR-JUL2026-0842,2026-07-29,QRIS,Sasa,,Soya Dark Choco,Dark Choco,Large,1,34000,34000,1,
TR-JUL2026-0843,2026-07-29,QRIS,Amanda,,Soya Mango Smell Good,Mango Smell Good,Large,1,30000,30000,1,
TR-JUL2026-0844,2026-07-29,QRIS,Amanda,,Soya Choco Maniac,Choco Maniac,Large,1,30000,30000,1,
TR-JUL2026-0845,2026-07-29,QRIS,Amanda,,Soya Original,Original,Reguler,2,17000,34000,2,
TR-JUL2026-0846,2026-07-29,QRIS,Novri,,Soya Royal Belgian,Royal Belgian,Reguler,1,25000,25000,1,
TR-JUL2026-0847,2026-07-29,QRIS,Adrian,,Soya Choco Maniac,Choco Maniac,Large,1,30000,30000,1,
TR-JUL2026-0848,2026-07-29,QRIS,Adrian,,Soya Tiramisu,Tiramisu,Large,1,30000,30000,1,
TR-JUL2026-0849,2026-07-29,QRIS,Aruna,,Soya Dark Choco,Dark Choco,Large,1,34000,34000,1,
TR-JUL2026-0850,2026-07-29,QRIS,Aruna,,Soya Original,Original,Reguler,1,17000,17000,1,
TR-JUL2026-0851,2026-07-29,Transfer,Bella,,Soya Taro Thanos,Taro Thanos,250 ml,1,27000,27000,1,
TR-JUL2026-0852,2026-07-29,Transfer,Bella,,Soya Mango Smell Good,Mango Smell Good,250 ml,1,27000,27000,1,
TR-JUL2026-0853,2026-07-29,Transfer,Bella,,Soya Dark Choco,Dark Choco,250 ml,1,33000,33000,1,
TR-JUL2026-0854,2026-07-30,Transfer,Bella,,Soya Original,Original,250 ml,1,22000,22000,1,
TR-JUL2026-0855,2026-07-30,Transfer,Bella,,Soya Tiramisu,Tiramisu,250 ml,1,27000,27000,1,
TR-JUL2026-0856,2026-07-30,ShopeeFood,Achmad,,Soya Tahwa Kembang Tahu,Tahwa Kembang Tahu,Cup,1,15000,15000,1,
TR-JUL2026-0857,2026-07-30,ShopeeFood,Achmad,,Soya Soy Milk Pudding,Soy Milk Pudding,Cup,1,15000,15000,1,
TR-JUL2026-0858,2026-07-30,GrabFood,Pugi,,Soya Original,Original,500 ml,1,39000,39000,1,
TR-JUL2026-0859,2026-07-30,GrabFood,Pugi,,Soya Choco Maniac,Choco Maniac,250 ml,1,27000,27000,1,
TR-JUL2026-0860,2026-07-30,GrabFood,Pugi,,Soya Dark Choco,Dark Choco,250 ml,1,33000,33000,1,
TR-JUL2026-0861,2026-07-30,GrabFood,Pugi,,Soya Coffee Kopi,Coffee Kopi,250 ml,1,24000,24000,1,
TR-JUL2026-0862,2026-07-30,GrabFood,Pugi,,Soya Honey Lemon,Honey Lemon,500 ml,1,44000,44000,1,
TR-JUL2026-0863,2026-07-30,GrabFood,Alsa,,Soya Tiramisu,Tiramisu,Reguler,1,25000,25000,1,
TR-JUL2026-0864,2026-07-30,GrabFood,Alsa,,Soya Honey Lemon,Honey Lemon,Reguler,1,20000,20000,1,
TR-JUL2026-0865,2026-07-30,GrabFood,Alsa,,Soya Mango Monggo,Mango Monggo,Reguler,1,20000,20000,1,
TR-JUL2026-0866,2026-07-30,Tunai,Lintang,,Soya Tahwa Kembang Tahu,Tahwa Kembang Tahu,Cup,1,15000,15000,1,
TR-JUL2026-0867,2026-07-30,Tunai,Lintang,,Soya Soy Milk Pudding,Soy Milk Pudding,Cup,1,15000,15000,1,
TR-JUL2026-0868,2026-07-30,Tunai,Cici,,Soya Original,Original,Reguler,2,17000,34000,2,
TR-JUL2026-0869,2026-07-30,Tunai,Fanii,,Soya Green Tea,Green Tea,Reguler,1,25000,25000,1,
TR-JUL2026-0870,2026-07-30,Tunai,Fanii,,Soya Original,Original,Reguler,1,17000,17000,1,
TR-JUL2026-0871,2026-07-30,Tunai,Fanii,,Soya Tahwa Kembang Tahu,Tahwa Kembang Tahu,Cup,1,15000,15000,1,
TR-JUL2026-0872,2026-07-30,Tunai,Fanii,,Soya Soy Milk Pudding,Soy Milk Pudding,Cup,1,15000,15000,1,
TR-JUL2026-0873,2026-07-30,ShopeeFood,Siska,,Soya Coffee Kopi,Coffee Kopi,Reguler,1,21000,21000,1,
TR-JUL2026-0874,2026-07-30,ShopeeFood,Siska,,Soya Original,Original,500 ml,1,39000,39000,1,
TR-JUL2026-0875,2026-07-30,GrabFood,Bre,,Soya Green Tea,Green Tea,Large,1,30000,30000,1,
TR-JUL2026-0876,2026-07-30,GrabFood,Bre,,Soya Tahwa Kembang Tahu,Tahwa Kembang Tahu,Cup,1,15000,15000,1,
TR-JUL2026-0877,2026-07-30,Tunai,Riski,,Soya Coffee Kopi,Coffee Kopi,Reguler,1,21000,21000,1,
TR-JUL2026-0878,2026-07-30,GrabFood,Nia,,Soya Tahwa Kembang Tahu,Tahwa Kembang Tahu,Cup,2,15000,30000,2,
TR-JUL2026-0879,2026-07-30,GrabFood,Nia,,Soya Royal Belgian,Royal Belgian,Large,1,30000,30000,1,
TR-JUL2026-0880,2026-07-30,QRIS,Niaa,,Soya Mango Monggo,Mango Monggo,Large,1,25000,25000,1,
TR-JUL2026-0881,2026-07-30,ShopeeFood,Sharen,,Soya Taro Thanos,Taro Thanos,Large,1,30000,30000,1,
TR-JUL2026-0882,2026-07-30,ShopeeFood,Sharen,,Soya Redvelvet,Redvelvet,Large,1,30000,30000,1,